-- phpMyAdmin SQL Dump
-- version 5.2.1
-- https://www.phpmyadmin.net/
--
-- Host: 127.0.0.1
-- Generation Time: Nov 03, 2024 at 08:17 PM
-- Server version: 10.4.32-MariaDB
-- PHP Version: 8.2.12

SET SQL_MODE = "NO_AUTO_VALUE_ON_ZERO";
START TRANSACTION;
SET time_zone = "+00:00";


/*!40101 SET @OLD_CHARACTER_SET_CLIENT=@@CHARACTER_SET_CLIENT */;
/*!40101 SET @OLD_CHARACTER_SET_RESULTS=@@CHARACTER_SET_RESULTS */;
/*!40101 SET @OLD_COLLATION_CONNECTION=@@COLLATION_CONNECTION */;
/*!40101 SET NAMES utf8mb4 */;

--
-- Database: `schedai`
--

-- --------------------------------------------------------

--
-- Table structure for table `calendar`
--

CREATE TABLE `calendar` (
  `id` int(11) NOT NULL,
  `sem` int(11) DEFAULT NULL,
  `year` int(11) DEFAULT NULL,
  `name` varchar(255) DEFAULT NULL,
  `status` varchar(255) DEFAULT NULL,
  `curriculumplan` int(11) DEFAULT NULL,
  `collegeid` int(11) DEFAULT NULL
) ENGINE=InnoDB DEFAULT CHARSET=utf8mb4 COLLATE=utf8mb4_general_ci;

--
-- Dumping data for table `calendar`
--

INSERT INTO `calendar` (`id`, `sem`, `year`, `name`, `status`, `curriculumplan`, `collegeid`) VALUES
(7, 1, 2024, '2024-2025', 'loaded', 0, 3),
(8, 1, 2018, '2018-2019', NULL, 1, 3),
(10, 2, 2018, '2018-2019', NULL, 1, 3),
(17, 1, 2020, '2020-2021', NULL, 0, 3),
(18, 2, 2024, '2024-2025', NULL, 0, 3),
(19, 1, 2023, '2023-2024', NULL, 1, 3),
(20, 2, 2023, '2023-2024', NULL, 1, 3),
(25, 1, 2026, '2026-2027', NULL, 0, 3),
(26, 1, 2027, '2027-2028', NULL, 0, 3),
(30, 1, 2023, '2023-2024', NULL, 1, 7),
(31, 1, 2024, '2024-2025', NULL, 1, 7),
(32, 1, 2023, '2023-2024', NULL, 1, 8);

-- --------------------------------------------------------

--
-- Table structure for table `college`
--

CREATE TABLE `college` (
  `id` int(11) NOT NULL,
  `abbreviation` varchar(255) NOT NULL,
  `name` varchar(255) DEFAULT NULL,
  `year` date NOT NULL
) ENGINE=InnoDB DEFAULT CHARSET=utf8mb4 COLLATE=utf8mb4_general_ci;

--
-- Dumping data for table `college`
--

INSERT INTO `college` (`id`, `abbreviation`, `name`, `year`) VALUES
(3, 'CCS', 'College of Computing Studies', '3232-02-23'),
(7, 'CSSPE', 'College of Sports Science and Pysical Education', '0001-01-01'),
(8, 'COE', 'College of Engineering', '0001-01-01');

-- --------------------------------------------------------

--
-- Table structure for table `department`
--

CREATE TABLE `department` (
  `id` int(11) NOT NULL,
  `name` varchar(255) DEFAULT NULL,
  `yearlvl` int(11) DEFAULT NULL,
  `collegeid` int(11) DEFAULT NULL,
  `abbreviation` varchar(255) DEFAULT NULL
) ENGINE=InnoDB DEFAULT CHARSET=utf8mb4 COLLATE=utf8mb4_general_ci;

--
-- Dumping data for table `department`
--

INSERT INTO `department` (`id`, `name`, `yearlvl`, `collegeid`, `abbreviation`) VALUES
(1, 'Computer Science', 4, 3, 'BSCS'),
(2, 'Information Technology', 4, 3, 'BSIT'),
(6, 'Associate of Application Development', 2, 3, 'ACT AD'),
(7, 'Associate of Networking', 2, 3, 'ACT NW'),
(8, 'Bachelor of Physical Education', 4, 7, 'BPED'),
(9, 'Computer Engineering', 4, 8, 'CPE');

-- --------------------------------------------------------

--
-- Table structure for table `faculty`
--

CREATE TABLE `faculty` (
  `id` int(11) NOT NULL,
  `fname` varchar(255) DEFAULT NULL,
  `mname` varchar(255) DEFAULT NULL,
  `lname` varchar(255) DEFAULT NULL,
  `gender` varchar(255) DEFAULT NULL,
  `bday` date DEFAULT NULL,
  `contactno` text DEFAULT NULL,
  `type` varchar(255) DEFAULT NULL,
  `masters` varchar(255) DEFAULT NULL,
  `phd` varchar(255) DEFAULT NULL,
  `departmentid` int(11) DEFAULT NULL,
  `startdate` date DEFAULT NULL,
  `teachinghours` decimal(10,1) DEFAULT NULL,
  `remainingteachinghours` decimal(10,1) NOT NULL,
  `username` varchar(255) DEFAULT NULL,
  `password` varchar(255) DEFAULT NULL,
  `role` varchar(255) DEFAULT 'faculty',
  `rank` varchar(255) DEFAULT NULL,
  `collegeid` int(11) DEFAULT NULL,
  `email` varchar(255) NOT NULL
) ENGINE=InnoDB DEFAULT CHARSET=utf8mb4 COLLATE=utf8mb4_general_ci;

--
-- Dumping data for table `faculty`
--

INSERT INTO `faculty` (`id`, `fname`, `mname`, `lname`, `gender`, `bday`, `contactno`, `type`, `masters`, `phd`, `departmentid`, `startdate`, `teachinghours`, `remainingteachinghours`, `username`, `password`, `role`, `rank`, `collegeid`, `email`) VALUES
(3, 'Marvicdss', 'A', 'Lines', 'Male', '1985-07-04', '09192735568', 'Regular', 'No', 'no', 1, '2010-07-05', 18.0, 0.0, 'marvic', '$2y$10$9a.veKhBkBZaqwpsF4fdKeBQdCb5ZSp923gFrmcZydYhIct5qtizS', 'faculty', 'Masteral', 3, ''),
(4, 'Lucy', 'Sadiwa', 'Felix', 'Male', '0000-00-00', '09193272282', 'Regular', 'Yes', 'no', 1, '1999-02-05', 18.0, 2.0, 'lucy', '$2y$10$0NH56gFSx1x5oqyvWBCT7ex0kkp8DZ8Yz/4yVn0vghWsnq/Blncym', 'departmenthead', 'Masteral', 3, ''),
(6, 'Marjorie', 'J.', 'Roxas', 'Male', '2005-03-29', '09193733232', 'Regular', 'Yes', 'no', 1, '1998-03-22', 12.0, 1.0, 'marjorie', '$2y$10$/KomnRCF3vYVFqgJay6OkufAYzbkqfGfcgbslSBzKPYGbzrO9o7mW', 'faculty', 'None', 3, ''),
(7, 'Ceed', 'J', 'Lazaro', 'Male', '1987-03-29', '09274628441', 'Regular', 'Yes', 'no', 2, '2010-08-23', 16.0, 2.0, 'ceed', '$2y$10$TGVAvCIPHwfzjF1IpueXFe1YouYB.mQ9bEalETQ3aLlWBGKq3MjqC', 'faculty', 'Masteral', 3, ''),
(8, 'Jaydee', 'A', 'Ballaho', 'Male', '1999-02-05', '09173627338', 'Regular', 'Yes', 'no', 1, '2019-02-05', 18.0, 1.0, 'jaydee', '$2y$10$Esn67VJButxMlgL9sITEbe51h4/y8RC2HSkmrOZPs5AVfLEx2exT2', 'faculty', 'Masteral', 3, ''),
(10, 'Edwin', 'B', 'Arip', 'Male', '1976-06-27', '0916372833', 'Regular', 'No', 'no', 1, '1997-03-31', 18.0, 0.0, 'arip', '$2y$10$YyjBIUafZEeemAIQ6epmFOQuE.WziroYhsUbJn2YlddeI.TMqB5Bu', 'faculty', 'None', 3, ''),
(11, 'Salimar', 'Salimar', 'Tahil', 'Male', '1995-05-29', '09182647211', 'Regular', 'Yes', 'no', 1, '2014-03-31', 12.0, 0.0, 'salimar', '$2y$10$IWupIohIFE6P100HVXeij.f4iUdH5e9V1au/kAcRoqA1z7FGq.ZkS', 'faculty', 'Masteral', 3, 'quilantangrovic@gmail.com'),
(12, 'Odon', 'm', 'Odon', 'Male', '0000-00-00', '0913637381', 'Regular', 'Yes', 'yes', 1, '1994-03-23', 15.0, 1.0, 'odon', '$2y$10$3s5WewzYHuN5PLh/Tz2k/u4BoyDNNf96uHGj61pIZACyOLgdE4Mu2', 'departmenthead', 'PhD', 3, ''),
(14, 'Mark', 'J', 'Flores', 'Male', '0000-00-00', '0913832992', 'Regular', 'No', 'no', 1, '2002-03-28', 18.0, 1.0, 'mark', '$2y$10$QK45XixwtbyfCkNMqKYaE.6Z.SewH/av9vH3bI/9IugI3MD6dWx2G', 'faculty', 'None', 3, ''),
(15, 'Kanman', 'J', 'Kanman', 'Male', '1995-03-31', '09128212888', 'Regular', 'No', 'no', 1, '2021-03-31', 18.0, 0.0, 'kamman', '$2y$10$IxuXgGMK.Szxhh8v/pdiGOExgKl3Yu0gJ9bGmY3OJCJh4vPZt4HWe', 'faculty', 'None', 3, ''),
(22, 'Balan', '', 'Balan', 'Male', '0043-03-31', '34434', 'Contractual', 'No', 'no', 1, '2022-03-31', 26.0, 1.0, 'balan', '$2y$10$8DRzsV/Kr0ZhB96tqBDXd.Fi./JGRX1DaiWoANxRRFNfEb7EkvSA.', 'faculty', 'None', 3, ''),
(23, 'BANQUERIGO', 'BANQUERIGO', 'BANQUERIGO', 'Male', '0000-00-00', '09355029792', 'Contractual', 'No', 'no', 1, '2023-03-31', 26.0, 2.0, 'BANQUERIGO', '$2y$10$2cFdLeJQRGCLezBQ/jCqe.NNkUDEdi6fpAMUvCRYu/Slmc4w4q0b.', 'faculty', 'None', 3, ''),
(25, 'gadmar', 'A', 'gadmar', 'Male', '1985-07-04', '09192735568', 'Regular', 'No', 'no', 1, '2003-07-05', 12.0, 0.0, 'gadmar', '$2y$10$xBtHiIVQs2S5NB/cPc.I4ObWA9I/HWjnfOC9AmsfQJVXweeWXI0Ra', 'collegesecretary', 'None', 3, 'qrovic@gmail.com'),
(26, 'JAAFAR', 'JAAFAR', 'JAAFAR', 'Male', '1999-01-20', '09355029792', 'Contractual', 'No', 'no', 1, '2020-02-23', 28.0, 0.0, 'JAAFAR', '$2y$10$5ox93nuKxRXEP3J7GNbVgOt68OxLba56./DMFBq/bSMcgST1nQDre', 'faculty', 'None', 3, ''),
(27, 'JAILANI', 'JAILANI', 'JAILANI', 'Male', '0434-03-04', '09355029792', 'Regular', 'No', 'no', 1, '2023-02-23', 18.0, 1.0, 'JAILANI', '$2y$10$dyTfqY0qvngPk04Q4zXA9.qRQ3myYzb3PWg7nftNcOjI6r8kPbiWi', 'faculty', 'None', 3, ''),
(29, 'edios', 'edios', 'edios', 'Male', '0043-03-04', '343', 'Contractual', 'No', 'no', 1, '2021-03-31', 30.0, 1.0, 'edios', '$2y$10$Zdp4W9Iw2dEjgF8GhEa1bOXyMzLnnfH5xYC/jwNZVyySWJsnclabC', 'faculty', 'None', 3, ''),
(30, 'albay', 'albay', 'albay', 'Male', '2004-02-03', '09355029792', 'Regular', 'No', 'no', 2, '2022-02-23', 24.0, 6.0, 'Albay', '$2y$10$6JU4saB6hY7CKBw2B6gCgujkix2eb/IOjJUhPnsCo4CeIhOnuJ0mW', 'faculty', 'None', 3, ''),
(31, 'Jhon Paul', '', 'Arip', 'Male', '0111-11-11', '09355029792', 'Regular', 'No', 'no', 2, '2018-11-11', 18.0, 1.0, 'Aripjp', '$2y$10$weoxD80.6cLRjpkUdS8yj.3GPvxP66i2xnOQByiJw52nizSW85Jg.', 'faculty', 'None', 3, ''),
(33, 'catadman', 'catadman', 'catadman', 'Male', '0000-00-00', '09355029792', 'Regular', 'No', 'no', 2, '2018-11-11', 18.0, 0.0, 'Catadman', '$2y$10$F/FShdOiqkgfJMlf2/lGvOf6reWU6lmGlVTEYBW1an69fED.pTwPm', 'faculty', 'None', 3, ''),
(34, 'escorial a', 'escorial a', 'escorial a', 'Male', '0001-11-11', '09355029792', 'Regular', 'No', 'no', 2, '2016-11-11', 18.0, 0.0, 'Escoriala', '$2y$10$CQGo.7c8RMG9xLcvm8qkGePRsHt5TCnTnnW0e0k56RtlPBBbUtcF6', 'faculty', 'None', 3, ''),
(35, 'escorial j', 'escorial j', 'escorial ', 'Male', '1111-11-11', '09355029792', 'Regular', 'No', 'no', 2, '2016-11-11', 18.0, 0.0, 'escorialj', '$2y$10$mVD2zqED7Rgt.Vu2hotaveDf0klsWF6AO4YIncLmIX64BQ2QqpByi', 'faculty', 'None', 3, ''),
(36, 'jen', 'lorenzo jen', 'lorenzo', 'Male', '0111-11-11', '09355029792', 'Contractual', 'No', 'no', 2, '2022-11-11', 26.0, 0.0, 'lorenzojen', '$2y$10$OpLbsISPh7o23xOzwzBD1u6iAywoD7F0GMRp8i8dJ/nPOf4LmDBYe', 'faculty', 'None', 3, ''),
(37, 'jez', 'lorenzo jez', 'lorenzo', 'Male', '1111-11-11', '09355029792', 'Regular', 'No', 'no', 2, '2016-11-11', 12.0, 0.0, 'lorenzojez', '$2y$10$wfOUjRqWjrBBSuthdF.SLuUQ6tlXVEguXgqaQe6QOJXg.la9gPpmC', 'faculty', 'None', 3, ''),
(38, 'SAAVEDRA', 'SAAVEDRA', 'SAAVEDRA', 'Male', '1111-11-11', '09355029792', 'Regular', 'No', 'no', 2, '2024-11-11', 18.0, 0.0, 'saavedra', '$2y$10$IQNGVKI48M99ujyhK5Qty.aualQVIdGIVbZuS2R/9oAqvrpv80F3y', 'faculty', 'None', 3, ''),
(39, 'TIMPANGCO', 'TIMPANGCO', 'TIMPANGCO', 'Male', '1111-11-11', '09355029792', 'Regular', 'No', 'no', 2, '2018-11-11', 24.0, 0.0, 'timpangco', '$2y$10$Mxr2F3VAEjCgdL4rzCEhtu6lAp/s6FPnCIs.0vKolxclQjzPgfyYW', 'faculty', 'None', 3, ''),
(40, 'ZABALA', 'ZABALA', 'ZABALA', 'Male', '1111-11-11', '09355029792', 'Regular', 'No', 'no', 2, '2016-11-11', 18.0, 0.0, 'zabala', '$2y$10$voDsC/2S3bfseR7QsopYjuyMCdHSyje4rE8puM.pIQUKHgXcPwNam', 'faculty', 'None', 3, ''),
(41, 'Justine Ann', 'A', 'Arip', 'Male', '0000-00-00', '23232', 'Regular', 'No', 'no', 2, '2019-01-01', 18.0, 1.0, 'justinann', '$2y$10$y0bl6oJ7JnaTeMfV7dPSfuaNdonXdJTsrTh0256AD78/YiJrNEGuy', 'faculty', 'None', 3, ''),
(44, 'edgar', 'edgar', 'edgar', 'Male', '1985-07-02', '923892839282', '', 'No', 'no', 8, '2005-02-05', 18.0, 3.0, 'edgar', '$2y$10$L0bcoXF916cQaQJ0oUm4Qeghf8EpexeK5Ly8W.gAWXDRHdCBEMxym', 'departmenthead', 'None', 7, ''),
(49, 'cherry', '', 'cherry', 'Male', '0000-00-00', '0923378287328', '', 'No', 'no', 8, '2010-01-15', 12.0, 1.0, 'cherry', '$2y$10$4mJTUN2MzIsOea9lLQLlj.tGm2evwPMbJ6j.DBReOvJpFhntp9KT.', 'faculty', 'None', 7, ''),
(50, 'arson', '', 'arson', 'Male', '1999-03-02', '092323256563', '', 'No', 'no', 8, '2012-04-22', 18.0, 15.0, 'arson', '$2y$10$dgi/X88jWwKfBk142GfY2.58.9dC8Bt2kgOEut22GCrGZekMQv3b.', 'faculty', 'None', 7, ''),
(51, 'jesus', '', 'jesus', 'Male', '1980-03-31', '0932323782828', 'Regular', 'No', 'no', 8, '2004-03-31', 18.0, 9.0, 'jesus', '$2y$10$aCZO.G9zLUs6H4TrJxcy3ONIehiNdJn5UvgIeYn3N/nuGyNG7VE6.', 'faculty', 'None', 7, ''),
(52, 'roberto', '', 'roberto', 'Male', '1990-03-31', '0923245434', 'Regular', 'No', 'no', 8, '2005-02-23', 18.0, 15.0, 'roberto', '$2y$10$G.n79Jgx7a1wupY0vKaNR.HZokd1XYSl6eCSkJasCapxatNLnfanK', 'faculty', 'None', 7, ''),
(53, 'edda', '', 'edda', '', '0001-02-23', '092323253474', '', 'No', 'no', 8, '0000-00-00', 12.0, 6.0, 'edda', '$2y$10$0BAZ8eOhQ4.mpgnfu2w3LOJt8cR.Hr.n96pxUlwz8A8zCZ/JA588.', 'faculty', 'None', 7, ''),
(54, 'janet', '', 'janet', 'Male', '0000-00-00', '093687432323', '', 'No', 'no', 8, '2002-02-04', 18.0, 12.0, 'janet', '$2y$10$aI8i8NCWQkx92wrtZ.sG9OA6SF0J3J7z0otJUcBsqdAjjsb.vPtVq', 'faculty', 'None', 7, ''),
(55, 'levie', 'levie', 'levie', '', '0000-00-00', '', 'Regular', 'No', 'no', 8, '2018-03-31', 18.0, 18.0, 'levie', '$2y$10$Afqc5jWG49rtzwMZbPg9M.V11ck7vKNCpZ8TQE1fsDO9qdylB1LpS', 'faculty', 'None', 7, ''),
(56, 'billy', 'billy', 'billy', 'Male', '0000-00-00', '', 'Regular', 'No', 'no', 8, '2020-03-04', 18.0, 6.0, 'billy', '$2y$10$3h0mjIf8LEMENsdedVTCyudbkc6AMeKmNO4eTTW6WQB7l6qXxlUre', 'faculty', 'None', 7, ''),
(58, 'cpehead', '', '', 'Female', '0001-01-01', '', 'Regular', 'Yes', 'yes', 9, '2005-02-03', 12.0, 4.0, 'cpehead', '$2y$10$gSAtTphGZO23Utdt9gphHOVu0VKSQHCB4g2u/16s5C/8BryZtk0x6', 'departmenthead', 'PhD', 8, ''),
(59, 'Heidee', '', '', 'Male', '0001-01-01', '', 'Regular', 'No', 'no', 9, '2008-01-01', 18.0, 0.0, 'heidee', '$2y$10$rNKKJQnl4BPf.L48kzO6VuNEiwzUxnJp1cqejR16Uzd1IIMonZFZO', 'faculty', 'None', 8, ''),
(60, 'Ferdinand', '', '', 'Male', '0001-01-01', '', 'Regular', 'No', 'no', 9, '2005-03-01', 18.0, 1.0, 'ferdinand', '$2y$10$Hhl.qwQKG4PHFg/RipTf9.4pVL6gk1YmeAPw0JdaJ1unw1UfMXJ1C', 'faculty', 'None', 8, ''),
(61, 'monira', '', '', 'Male', '0001-01-01', '', 'Regular', 'No', 'no', 9, '2002-01-01', 18.0, 0.0, 'monira', '$2y$10$jZEdvJ3ljd.8i.Md6LgIROh/J7K81yoXqUzkNgXHhyBcYxzVd38AG', 'faculty', 'None', 8, ''),
(62, 'arvin', '', '', 'Male', '0001-01-01', '', 'Regular', 'No', 'no', 9, '2015-02-10', 18.0, 0.0, 'arvin', '$2y$10$7uNko9AXUvkSnu1xOwB0beK1A83SxgqgDXZuE..NKQ/CYtDRol2rS', 'faculty', 'None', 8, ''),
(63, 'nadine', '', '', 'Male', '0001-01-01', '', 'Regular', 'No', 'no', 9, '2004-02-05', 18.0, 0.0, 'nadine', '$2y$10$e/elUGkLjKx7sX.j1f30geKQxU/YYEYGMwa/lRH0BlCPJDIzayu4.', 'faculty', 'None', 8, ''),
(64, 'lemuel', '', '', 'Male', '0001-01-01', '', 'Contractual', 'No', 'no', 9, '2015-01-12', 30.0, 1.0, 'lemuel', '$2y$10$u.D.K/dIszhlynDyJgKXGO/zo/Z/CZr7H.eMDv3xvaogiMyVZM.uC', 'faculty', 'None', 8, ''),
(65, 'gajil', '', '', 'Male', '0001-01-01', '', 'Regular', 'No', 'no', 9, '2012-01-20', 18.0, 0.0, 'gajil', '$2y$10$85JCXqXcPL/5X6gmRFTQsuwBsTuAi8cOHMH6D3IOJ/R6zxQ9AMfw.', 'faculty', 'None', 8, ''),
(66, 'darcy', '', '', 'Male', '0001-01-01', '', 'Regular', 'No', 'no', 9, '2008-02-02', 18.0, 1.0, 'darcy', '$2y$10$ZSNBCrZec3anL/Ru8rV9Y.OzJcZxS1eDdd.K9/i.e1yr.bYtrwv6K', 'faculty', 'None', 8, '');

-- --------------------------------------------------------

--
-- Table structure for table `facultypreferences`
--

CREATE TABLE `facultypreferences` (
  `id` int(11) NOT NULL,
  `facultyid` int(11) DEFAULT NULL,
  `day` int(11) DEFAULT NULL,
  `starttime` varchar(255) DEFAULT NULL,
  `endtime` varchar(255) DEFAULT NULL
) ENGINE=InnoDB DEFAULT CHARSET=utf8mb4 COLLATE=utf8mb4_general_ci;

--
-- Dumping data for table `facultypreferences`
--

INSERT INTO `facultypreferences` (`id`, `facultyid`, `day`, `starttime`, `endtime`) VALUES
(171, 22, 3, '07:00', '19:00'),
(172, 22, 4, '07:00', '19:00'),
(173, 22, 5, '07:00', '19:00'),
(174, 22, 6, '07:00', '19:00'),
(175, 23, 1, '07:00', '19:00'),
(176, 23, 2, '07:00', '19:00'),
(177, 23, 3, '07:00', '19:00'),
(178, 23, 4, '07:00', '19:00'),
(179, 23, 5, '07:00', '19:00'),
(180, 25, 1, '23:30', '17:30'),
(181, 25, 2, '11:30', '17:30'),
(182, 25, 4, '23:30', '17:30'),
(184, 29, 1, '13:00', '19:00'),
(185, 29, 2, '13:00', '19:00'),
(186, 29, 3, '13:00', '19:00'),
(187, 29, 5, '13:00', '19:00'),
(188, 29, 6, '13:00', '19:00'),
(190, 14, 4, '07:00', '17:00'),
(192, 26, 1, '07:00', '17:30'),
(193, 26, 2, '07:00', '19:00'),
(194, 26, 3, '07:00', '19:00'),
(195, 26, 4, '07:00', '19:00'),
(196, 26, 6, '07:00', '19:00'),
(200, 3, 1, '08:30', '16:00'),
(201, 3, 3, '08:30', '16:00'),
(202, 3, 4, '08:30', '16:00'),
(203, 3, 6, '08:30', '16:00'),
(204, 6, 2, '10:00', '16:00'),
(205, 6, 3, '10:00', '16:00'),
(206, 6, 5, '10:00', '16:00'),
(210, 8, 1, '10:00', '19:00'),
(211, 8, 3, '10:00', '19:00'),
(212, 8, 4, '10:00', '19:00'),
(213, 8, 5, '10:00', '19:00'),
(214, 4, 2, '07:00', '19:00'),
(215, 4, 3, '07:00', '19:00'),
(216, 4, 4, '07:00', '19:00'),
(217, 15, 1, '07:00', '19:00'),
(218, 15, 2, '07:00', '19:00'),
(219, 15, 4, '07:00', '19:00'),
(220, 12, 3, '08:30', '16:00'),
(221, 12, 4, '08:30', '16:00'),
(222, 12, 6, '08:30', '16:00'),
(224, 11, 3, '10:00', '19:00'),
(225, 11, 6, '10:00', '19:00'),
(226, 10, 2, '07:00', '16:00'),
(227, 10, 3, '07:00', '16:00'),
(228, 10, 6, '07:00', '16:00'),
(229, 30, 1, '16:00', '19:00'),
(230, 30, 3, '12:00', '13:30'),
(231, 30, 4, '07:00', '19:00'),
(232, 30, 5, '07:00', '16:30'),
(233, 30, 6, '07:00', '13:00'),
(234, 31, 1, '07:00', '19:00'),
(235, 31, 2, '07:00', '19:00'),
(236, 31, 3, '07:00', '19:00'),
(237, 31, 4, '07:00', '19:00'),
(238, 31, 5, '07:00', '19:00'),
(239, 31, 6, '07:00', '19:00'),
(240, 33, 1, '07:00', '19:00'),
(241, 33, 3, '07:00', '19:00'),
(242, 33, 4, '07:00', '19:00'),
(243, 33, 5, '07:00', '19:00'),
(244, 33, 6, '07:00', '19:00'),
(245, 34, 1, '07:00', '17:30'),
(246, 34, 2, '07:00', '17:30'),
(247, 34, 3, '07:00', '17:30'),
(248, 35, 1, '07:00', '17:30'),
(249, 35, 2, '07:00', '17:30'),
(250, 35, 3, '07:00', '17:30'),
(251, 36, 1, '10:00', '17:30'),
(252, 36, 2, '10:00', '17:30'),
(253, 36, 3, '10:00', '17:30'),
(254, 36, 4, '10:00', '17:30'),
(255, 36, 5, '10:00', '17:30'),
(256, 36, 6, '10:00', '17:30'),
(257, 37, 2, '10:00', '19:00'),
(258, 37, 4, '10:00', '19:00'),
(259, 37, 5, '10:00', '19:00'),
(260, 38, 1, '13:00', '19:00'),
(261, 38, 2, '13:00', '19:00'),
(262, 38, 3, '13:00', '19:00'),
(263, 38, 4, '13:00', '19:00'),
(264, 39, 1, '13:00', '19:00'),
(265, 39, 2, '13:00', '19:00'),
(266, 39, 3, '13:00', '19:00'),
(267, 39, 4, '13:00', '19:00'),
(268, 39, 5, '13:00', '19:00'),
(269, 39, 6, '13:00', '19:00'),
(270, 40, 3, '10:00', '12:00'),
(271, 40, 4, '08:00', '17:00'),
(272, 40, 5, '13:00', '16:00'),
(273, 27, 2, '07:00', '19:00'),
(274, 27, 3, '07:00', '19:00'),
(275, 27, 5, '07:00', '19:00'),
(281, 10, 1, '07:00', '16:00'),
(282, 10, 4, '07:00', '16:00'),
(283, 41, 1, '07:00', '17:30'),
(284, 41, 2, '07:00', '17:30'),
(285, 41, 3, '07:00', '17:30'),
(286, 41, 4, '07:00', '17:30'),
(287, 41, 5, '07:00', '17:30'),
(288, 41, 6, '07:00', '17:30'),
(289, 22, 1, '07:00', '19:00'),
(290, 22, 2, '07:00', '19:00'),
(291, 8, 2, '10:00', '19:00'),
(292, 23, 6, '07:00', '07:00'),
(293, 25, 3, '11:30', '17:30'),
(294, 25, 6, '11:30', '17:00'),
(295, 33, 2, '07:00', '19:00'),
(296, 29, 4, '13:00', '19:00'),
(297, 34, 4, '07:00', '17:30'),
(298, 34, 5, '07:00', '17:30'),
(299, 35, 4, '07:00', '17:30'),
(300, 35, 5, '07:00', '17:30'),
(301, 35, 6, '07:00', '17:30'),
(302, 14, 2, '07:00', '17:00'),
(303, 14, 3, '07:00', '17:00'),
(304, 26, 5, '07:00', '19:00'),
(305, 27, 1, '07:00', '19:00'),
(306, 27, 4, '07:00', '19:00'),
(307, 27, 6, '07:00', '19:00'),
(308, 15, 3, '07:00', '19:00'),
(309, 15, 5, '07:00', '19:00'),
(310, 3, 2, '08:30', '16:00'),
(311, 3, 5, '08:30', '16:00'),
(312, 37, 1, '10:00', '19:00'),
(313, 37, 3, '10:00', '19:00'),
(314, 37, 6, '10:00', '19:00'),
(315, 12, 1, '08:30', '16:00'),
(316, 12, 2, '08:30', '16:00'),
(317, 12, 5, '08:30', '16:00'),
(318, 6, 1, '10:00', '16:00'),
(319, 6, 4, '10:00', '16:00'),
(320, 6, 6, '10:00', '16:00'),
(321, 38, 5, '13:00', '19:00'),
(322, 38, 6, '13:00', '19:00'),
(323, 11, 2, '10:00', '19:00'),
(324, 11, 4, '10:00', '19:00'),
(325, 7, 1, '10:00', '19:00'),
(326, 7, 2, '10:00', '19:00'),
(327, 7, 3, '10:00', '19:00'),
(328, 7, 4, '10:00', '19:00'),
(329, 7, 5, '10:00', '19:00'),
(330, 7, 6, '10:00', '19:00'),
(331, 50, 1, '07:00', '16:00'),
(332, 50, 2, '07:00', '16:00'),
(333, 50, 4, '07:00', '16:00'),
(334, 50, 5, '07:00', '16:00'),
(335, 44, 2, '07:00', '16:00'),
(336, 44, 3, '07:00', '16:00'),
(337, 44, 5, '07:00', '16:00'),
(338, 49, 1, '07:00', '16:00'),
(339, 49, 2, '07:00', '16:00'),
(340, 49, 3, '07:00', '16:00'),
(341, 49, 4, '07:00', '16:00'),
(342, 49, 5, '07:00', '16:00'),
(343, 49, 6, '07:00', '19:00'),
(344, 51, 1, '10:00', '04:00'),
(345, 51, 3, '10:00', '04:00'),
(346, 51, 5, '10:00', '04:00'),
(347, 52, 2, '08:00', '15:00'),
(348, 52, 3, '08:00', '15:00'),
(349, 52, 4, '08:00', '15:00'),
(350, 52, 5, '08:00', '15:00'),
(351, 53, 1, '10:00', '16:00'),
(352, 53, 3, '10:00', '16:00'),
(353, 53, 5, '10:00', '16:00'),
(354, 54, 2, '07:00', '16:00'),
(355, 54, 5, '07:00', '16:00'),
(356, 54, 6, '07:00', '16:00'),
(357, 55, 1, '10:00', '16:00'),
(358, 55, 2, '10:00', '16:00'),
(359, 55, 3, '10:00', '16:00'),
(360, 55, 5, '10:00', '16:00'),
(361, 56, 1, '07:00', '13:00'),
(362, 56, 4, '07:00', '13:00'),
(363, 56, 5, '07:00', '13:00'),
(364, 56, 6, '07:00', '13:00'),
(365, 58, 1, '07:00', '17:00'),
(366, 58, 2, '07:00', '17:00'),
(367, 58, 3, '07:00', '17:00'),
(368, 58, 4, '07:00', '17:00'),
(369, 58, 5, '07:00', '17:00'),
(370, 58, 6, '07:00', '17:00'),
(371, 59, 1, '13:00', '19:00'),
(372, 59, 2, '13:00', '19:00'),
(373, 59, 3, '13:00', '19:00'),
(374, 59, 4, '13:00', '19:00'),
(375, 59, 5, '13:00', '19:00'),
(376, 59, 6, '13:00', '19:00'),
(377, 60, 1, '07:00', '19:00'),
(378, 60, 3, '07:00', '19:00'),
(379, 60, 4, '07:00', '19:00'),
(380, 60, 6, '07:00', '19:00'),
(381, 61, 2, '07:00', '13:00'),
(382, 61, 4, '07:00', '13:00'),
(383, 61, 5, '07:00', '13:00'),
(384, 62, 1, '07:00', '15:00'),
(385, 62, 2, '07:00', '15:00'),
(386, 62, 3, '07:00', '15:00'),
(387, 62, 4, '07:00', '15:00'),
(388, 63, 1, '10:00', '19:00'),
(389, 63, 4, '10:00', '07:00'),
(390, 63, 6, '10:00', '07:00'),
(391, 64, 1, '07:00', '13:00'),
(392, 64, 2, '13:00', '19:00'),
(393, 64, 3, '13:00', '19:00'),
(394, 64, 4, '07:00', '13:00'),
(395, 64, 5, '13:00', '19:00'),
(396, 64, 6, '13:00', '19:00'),
(397, 65, 2, '08:00', '16:00'),
(398, 65, 3, '10:00', '19:00'),
(399, 65, 5, '08:00', '16:00'),
(400, 65, 6, '10:00', '19:00'),
(401, 66, 1, '13:00', '19:00'),
(402, 66, 3, '13:00', '19:00'),
(403, 66, 4, '13:00', '19:00'),
(404, 66, 6, '13:00', '19:00');

-- --------------------------------------------------------

--
-- Table structure for table `facultysubject`
--

CREATE TABLE `facultysubject` (
  `id` int(11) NOT NULL,
  `facultyid` int(11) DEFAULT NULL,
  `subjectname` varchar(255) DEFAULT NULL
) ENGINE=InnoDB DEFAULT CHARSET=utf8mb4 COLLATE=utf8mb4_general_ci;

--
-- Dumping data for table `facultysubject`
--

INSERT INTO `facultysubject` (`id`, `facultyid`, `subjectname`) VALUES
(239, 30, 'Social and Professional Practice'),
(268, 40, 'IT Elective 4'),
(328, 31, 'Application Development and Emerging Technologies'),
(329, 31, 'Information Management'),
(330, 31, 'Systems Integration and Architecture'),
(331, 41, 'Advanced Database Systems'),
(332, 41, 'Networking 2'),
(333, 22, 'Introduction to Computing'),
(334, 22, 'Information Management'),
(338, 23, 'Data Structures and Algorithms'),
(339, 23, 'Application Development and Emerging Technologies'),
(341, 33, 'Advanced Database Systems'),
(342, 33, 'Application Development and Emerging Technologies'),
(343, 33, 'Science, Technology and Society'),
(346, 34, 'IT Elective 1'),
(347, 35, 'Web Systems and Technologies'),
(348, 35, 'IT Elective 1'),
(349, 35, 'Capstone Project and Research 2'),
(356, 27, 'Introduction to Computing'),
(357, 27, 'Discrete Structures 1'),
(364, 36, 'Computer Programming 1'),
(365, 36, 'Data Structures and Algorithms'),
(366, 36, 'Quantitative Methods'),
(367, 37, 'Introduction to Computing'),
(368, 37, 'Networking 2'),
(373, 38, 'Information Assurance and Security 2'),
(375, 39, 'Advanced Database Systems'),
(376, 39, 'Information Management'),
(377, 39, 'Networking 2'),
(378, 39, 'Information Assurance and Security 2'),
(392, 4, 'Application Development and Emerging Technologies'),
(393, 4, 'Introduction to Computing'),
(394, 4, 'Computer Programming 2'),
(395, 4, 'Computer Programming 1'),
(396, 4, 'Object-Oriented Programming'),
(397, 4, 'Data Structures and Algorithms'),
(398, 4, 'Design and Analysis of Algorithms'),
(399, 4, 'Programming Languages'),
(400, 4, 'Information Management'),
(401, 4, 'Advanced Database Systems'),
(402, 4, 'Thesis 1'),
(403, 4, 'Thesis 2'),
(404, 4, 'Modeling and Simulation'),
(405, 4, 'Practicum/Industry Immersion (162 hours)'),
(406, 4, 'Mobile Application Development'),
(420, 3, 'Introduction to Computing'),
(421, 3, 'Computer Programming 1'),
(422, 3, 'Discrete Structures 2'),
(423, 3, 'Digital Design'),
(424, 3, 'Software Engineering 1'),
(425, 3, 'Thesis 2'),
(426, 3, 'Discrete Structures 1'),
(427, 3, 'Computer Programming 2'),
(428, 3, 'Thesis 1'),
(429, 3, 'Software Engineering 2'),
(430, 3, 'Modeling and Simulation'),
(431, 3, 'Social Issues and Professional Practice'),
(432, 3, 'Practicum/Industry Immersion (162 hours)'),
(433, 6, 'Computer Programming 1'),
(434, 6, 'Human Computer Interaction'),
(435, 6, 'Introduction to Computing'),
(436, 6, 'Computer Programming 2'),
(437, 6, 'Modeling and Simulation'),
(438, 6, 'Practicum/Industry Immersion (162 hours)'),
(439, 6, 'Software Engineering 2'),
(440, 6, 'Software Engineering 1'),
(441, 6, 'Social Issues and Professional Practice'),
(462, 10, 'Networks and Communications'),
(463, 10, 'Network and Communication'),
(464, 10, 'Introduction to Computing'),
(465, 10, 'Computer Programming 2'),
(466, 10, 'Computer Programming 1'),
(467, 10, 'Digital Design'),
(468, 10, 'Operating System'),
(469, 10, 'Operating Systems'),
(470, 10, 'Practicum/Industry Immersion (162 hours)'),
(471, 10, 'Thesis 2'),
(472, 15, 'Object-Oriented Programming'),
(473, 15, 'Advanced Database Systems'),
(474, 15, 'Introduction to Computing'),
(475, 15, 'Computer Programming 2'),
(476, 15, 'Computer Programming 1'),
(477, 15, 'Discrete Structures 2'),
(478, 15, 'Discrete Structures 1'),
(479, 15, 'Human Computer Interaction'),
(480, 15, 'Design and Analysis of Algorithms'),
(481, 15, 'Programming Languages'),
(482, 15, 'Information Management'),
(483, 15, 'Automata Theory and Formal Languages'),
(484, 15, 'Practicum/Industry Immersion (162 hours)'),
(485, 15, 'CS Thesis 2'),
(506, 25, 'Data Structures and Algorithms'),
(507, 25, 'Introduction to Computing'),
(508, 25, 'Computer Programming 2'),
(509, 25, 'Computer Programming 1'),
(510, 25, 'Programming Languages'),
(511, 25, 'Thesis 2'),
(512, 25, 'CS Thesis 2'),
(513, 25, 'Practicum/Industry Immersion (162 hours)'),
(514, 25, 'Social Issues and Professional Practice'),
(515, 14, 'Information Assurance and Security'),
(516, 14, 'Networks and Communications'),
(517, 14, 'Network and Communication'),
(518, 14, 'Introduction to Computing'),
(519, 14, 'Computer Programming 2'),
(520, 14, 'Computer Programming 1'),
(521, 14, 'Digital Design'),
(522, 14, 'Architecture and Organization'),
(523, 14, 'Information Assurance and Security 2'),
(524, 14, 'Thesis 2'),
(525, 14, 'CS Thesis 2'),
(526, 14, 'Practicum/Industry Immersion (162 hours)'),
(527, 29, 'Mobile Application Development'),
(528, 29, 'Introduction to Computing'),
(529, 29, 'Computer Programming 2'),
(530, 29, 'Computer Programming 1'),
(531, 29, 'Human Computer Interaction'),
(532, 29, 'CS Elective 3'),
(533, 29, 'CS Elective 2'),
(534, 29, 'CS Elective 1'),
(535, 29, 'Thesis 2'),
(536, 29, 'CS Thesis 2'),
(537, 12, 'Computer Programming 1'),
(538, 12, 'Automata Theory and Formal Languages'),
(539, 12, 'Introduction to Computing'),
(540, 12, 'Computer Programming 2'),
(541, 12, 'Data Structures and Algorithms'),
(542, 12, 'Architecture and Organization'),
(543, 12, 'Thesis 1'),
(544, 12, 'Modeling and Simulation'),
(556, 7, 'Introduction to Computing'),
(557, 7, 'Computer Programming 2'),
(558, 7, 'Computer Programming 1'),
(559, 7, 'Practicum/Industry Immersion (162 hours)'),
(560, 7, 'Object-Oriented Programming'),
(561, 7, 'Web Development 1'),
(562, 7, 'Web Development 2'),
(563, 7, 'Data Structures and Algorithms'),
(564, 7, 'Information Management'),
(565, 7, 'Mobile Application Development'),
(566, 7, 'Social Issues and Professional Practice'),
(578, 26, 'Introduction to Computing'),
(579, 26, 'Computer Programming 1'),
(580, 26, 'Object-Oriented Programming'),
(581, 26, 'Information Assurance and Security'),
(582, 26, 'Advanced Database Systems'),
(583, 26, 'Software Engineering 1'),
(584, 26, 'Web Programming and Development'),
(585, 26, 'CS Elective 2'),
(586, 26, 'Application Development and Emerging Technologies'),
(587, 26, 'Thesis 2'),
(588, 26, 'Computer Programming 2'),
(589, 26, 'CS Elective 1'),
(590, 26, 'Information Management'),
(591, 26, 'Software Engineering 2'),
(592, 26, 'CS Elective 3'),
(593, 26, 'Mobile Application Development'),
(594, 26, 'Web Development 2'),
(595, 26, 'Web Development 1'),
(596, 26, 'Practicum/Industry Immersion (162 hours)'),
(597, 26, 'Information Assurance and Security 2'),
(598, 50, 'ARTS IN K-12 CURRICULUM'),
(599, 50, 'Personal Community & Environmental Health'),
(600, 50, 'Philosophical & Socioanthropological Founda'),
(601, 50, 'SWIMMING & AQUATICS'),
(602, 50, 'THE TEACHING PROFESSION'),
(603, 44, 'FIELD STUDY 1 (OBSERVATION OF TEACHING-LEARNING)'),
(604, 44, 'ARTS IN K-12 CURRICULUM'),
(605, 44, 'The Child & Adolescent Learners and Learning'),
(606, 44, 'PROCESS OF TEACHING PE AND HEALTH EDUCATION'),
(607, 44, 'TECHNOLOGY FOR TEACHING AND LEARNING 2'),
(608, 44, 'TEAM SPORTS (SOCCER/FOOTBALL,BASKETBALL, VOLLEYBALL)'),
(609, 49, 'Philippine Traditional Dances'),
(610, 49, 'Philosophical & Socioanthropological Founda'),
(611, 49, 'Anatomy & Physiology of Human movement'),
(612, 49, 'Dance,Sports,Group Exercise, and outdoor'),
(613, 49, 'Principles Motor Control & learning of Exerci'),
(614, 49, 'The Child & Adolescent Learners and Learning'),
(615, 49, 'PPEDALOGY IN PHYSICAL EDUCATION'),
(616, 51, 'Personal Community & Environmental Health'),
(617, 51, 'FIELD STUDY 1 (OBSERVATION OF TEACHING-LEARNING)'),
(618, 51, '(FIELD STUDY 2)'),
(619, 51, 'Anatomy & Physiology of Human movement'),
(620, 51, 'Philosophical & Socioanthropological Founda'),
(627, 52, 'THE TEACHING PROFESSION'),
(628, 52, 'SWIMMING & AQUATICS'),
(629, 52, 'Personal Community & Environmental Health'),
(630, 52, 'PROCESS OF TEACHING PE AND HEALTH EDUCATION'),
(631, 52, 'TECHNOLOGY FOR TEACHING AND LEARNING 2'),
(632, 52, 'PPEDALOGY IN PHYSICAL EDUCATION'),
(633, 53, 'Anatomy & Physiology of Human movement'),
(634, 53, 'ARTS IN K-12 CURRICULUM'),
(635, 53, 'FIELD STUDY 1 (OBSERVATION OF TEACHING-LEARNING)'),
(636, 53, '(FIELD STUDY 2)'),
(637, 53, 'Philosophical & Socioanthropological Founda'),
(638, 54, 'Philippine Traditional Dances'),
(639, 54, 'FIELD STUDY 1 (OBSERVATION OF TEACHING-LEARNING)'),
(640, 54, 'ASSESSMENT IN LEARNING 2'),
(641, 54, 'ARTS IN K-12 CURRICULUM'),
(642, 54, 'Philosophical & Socioanthropological Founda'),
(643, 54, 'Principles Motor Control & learning of Exerci'),
(644, 54, 'TEAM SPORTS (SOCCER/FOOTBALL,BASKETBALL, VOLLEYBALL)'),
(645, 54, 'SWIMMING & AQUATICS'),
(646, 54, 'The Child & Adolescent Learners and Learning'),
(647, 55, 'ASSESSMENT IN LEARNING 2'),
(648, 55, '(FIELD STUDY 2)'),
(649, 55, 'FIELD STUDY 1 (OBSERVATION OF TEACHING-LEARNING)'),
(650, 55, 'THE TEACHING PROFESSION'),
(651, 55, 'SWIMMING & AQUATICS'),
(652, 55, 'PPEDALOGY IN PHYSICAL EDUCATION'),
(653, 55, 'TECHNOLOGY FOR TEACHING AND LEARNING 2'),
(654, 56, 'Philippine Traditional Dances'),
(655, 56, 'FIELD STUDY 1 (OBSERVATION OF TEACHING-LEARNING)'),
(656, 56, 'ARTS IN K-12 CURRICULUM'),
(657, 56, 'Personal Community & Environmental Health'),
(658, 56, 'Dance,Sports,Group Exercise, and outdoor'),
(659, 56, 'The Child & Adolescent Learners and Learning'),
(660, 56, 'RESEARCH 1'),
(661, 56, 'PPEDALOGY IN PHYSICAL EDUCATION'),
(662, 56, 'TECHNOLOGY FOR TEACHING AND LEARNING 2'),
(663, 56, 'THE TEACHING PROFESSION'),
(664, 52, 'LEARNING-CENTERED TEACHING'),
(665, 58, 'ON THE JOB TRAINING'),
(666, 58, 'OPERATING SYSTEMS'),
(667, 58, 'PROGRAMMING LOGIC AND DESIGN'),
(668, 58, 'COMPUTER HARDWARE FUNDAMENTALS'),
(669, 58, 'COMPUTER NETWORKS AND SECURITY'),
(670, 58, 'COMPUTER ENGINEERING AS DISCIPLINE'),
(671, 58, 'CPE PRACTICE AND DESIGN 2'),
(672, 58, 'CPE LAWS AND PROFESSIONALS PRACTICE'),
(673, 58, 'DATA STRUCTURES AND ALGORITHMS'),
(674, 58, 'DESIGN THINKING AND INNOVATION'),
(675, 59, 'COMPUTER ENGINEERING AS DISCIPLINE'),
(676, 59, 'COMPUTER HARDWARE FUNDAMENTALS'),
(677, 59, 'CPE PRACTICE AND DESIGN 2'),
(678, 59, 'FUNDAMENTALS OF ELECTRICAL CIRCUITS'),
(679, 59, 'ELECTIVE COURSE 1 (FUNDAMENTALS OF NETWORKING'),
(680, 59, 'ELECTIVE 3 ( LAN SWITCHING AND WIRELESS)'),
(681, 59, 'DIFFERENTIAL EQUATIONS'),
(682, 59, 'PROJECT MANAGEMENT'),
(683, 59, 'OPERATING SYSTEMS'),
(684, 59, 'MATHEMATICS IN THE MODERN WORLD'),
(685, 59, 'INTRODUCTION TO HDL'),
(686, 60, 'CPE LAWS AND PROFESSIONALS PRACTICE'),
(687, 60, 'CHEMISTRY FOR ENGINEERS'),
(688, 60, 'DATA STRUCTURES AND ALGORITHMS'),
(689, 60, 'COMPUTER NETWORKS AND SECURITY'),
(690, 60, 'FUNDAMENTALS OF MIXED SIGNALS AND SENSORS'),
(691, 60, 'ENGINEERING ECONOMICS'),
(692, 60, 'ENGINEERING CALCULUS 1'),
(693, 60, 'ELECTIVE 3 ( LAN SWITCHING AND WIRELESS)'),
(694, 60, 'PROJECT MANAGEMENT'),
(695, 60, 'MATHEMATICS IN THE MODERN WORLD'),
(696, 60, 'INTRODUCTION TO HDL'),
(697, 60, 'LOGIC CIRCUITS AND DESIGN'),
(698, 61, 'DESIGN THINKING AND INNOVATION'),
(699, 61, 'CPE PRACTICE AND DESIGN 2'),
(700, 61, 'COMPUTER HARDWARE FUNDAMENTALS'),
(701, 61, 'CHEMISTRY FOR ENGINEERS'),
(702, 61, 'FUNDAMENTALS OF MIXED SIGNALS AND SENSORS'),
(703, 61, 'FUNDAMENTALS OF ELECTRICAL CIRCUITS'),
(704, 61, 'ELECTIVE COURSE 1 (FUNDAMENTALS OF NETWORKING'),
(705, 61, 'ELECTIVE 3 ( LAN SWITCHING AND WIRELESS)'),
(706, 61, 'ENGINEERING ECONOMICS'),
(707, 61, 'PROGRAMMING LOGIC AND DESIGN'),
(708, 61, 'OPERATING SYSTEMS'),
(709, 61, 'ON THE JOB TRAINING'),
(710, 62, 'COMPUTER HARDWARE FUNDAMENTALS'),
(711, 62, 'COMPUTER ENGINEERING AS DISCIPLINE'),
(712, 62, 'COMPUTER ENGINEERING DRAFTING AND DESIGN'),
(713, 62, 'COMPUTER-AIDED DRAFTING'),
(714, 62, 'DIFFERENTIAL EQUATIONS'),
(715, 62, 'ELECTIVE 3 (MANAGEMENT INFORMATION)'),
(716, 62, 'FUNDAMENTALS OF INDUSTRIAL ELECTRONICS'),
(717, 62, 'FEEDBACK AND CONTROL SYSYTEMS'),
(718, 62, 'OPERATING SYSTEMS'),
(719, 62, 'ON THE JOB TRAINING'),
(720, 62, 'INTRODUCTION TO HDL'),
(721, 62, 'PROJECT MANAGEMENT'),
(722, 63, 'DESIGN THINKING AND INNOVATION'),
(723, 63, 'DATA STRUCTURES AND ALGORITHMS'),
(724, 63, 'CPE PRACTICE AND DESIGN 2'),
(725, 63, 'FEEDBACK AND CONTROL SYSYTEMS'),
(726, 63, 'ENGINEERING ECONOMICS'),
(727, 63, 'ELECTIVE 3 ( LAN SWITCHING AND WIRELESS)'),
(728, 63, 'FUNDAMENTALS OF MIXED SIGNALS AND SENSORS'),
(729, 63, 'INTRODUCTION TO HDL'),
(730, 63, 'PROJECT MANAGEMENT'),
(731, 63, 'OPERATING SYSTEMS'),
(732, 63, 'ON THE JOB TRAINING'),
(733, 64, 'DATA STRUCTURES AND ALGORITHMS'),
(734, 64, 'CPE LAWS AND PROFESSIONALS PRACTICE'),
(735, 64, 'COMPUTER HARDWARE FUNDAMENTALS'),
(736, 64, 'FUNDAMENTALS OF MIXED SIGNALS AND SENSORS'),
(737, 64, 'ENGINEERING CALCULUS 1'),
(738, 64, 'ELECTIVE 3 (MANAGEMENT INFORMATION)'),
(739, 64, 'DIFFERENTIAL EQUATIONS'),
(740, 64, 'FUNDAMENTALS OF ELECTRICAL CIRCUITS'),
(741, 64, 'COMPUTER ENGINEERING AS DISCIPLINE'),
(742, 64, 'CHEMISTRY FOR ENGINEERS'),
(743, 64, 'PROJECT MANAGEMENT'),
(744, 64, 'ON THE JOB TRAINING'),
(745, 64, 'LOGIC CIRCUITS AND DESIGN'),
(746, 65, 'CPE PRACTICE AND DESIGN 2'),
(747, 65, 'COMPUTER HARDWARE FUNDAMENTALS'),
(748, 65, 'COMPUTER ENGINEERING DRAFTING AND DESIGN'),
(749, 65, 'ENGINEERING ECONOMICS'),
(750, 65, 'ELECTIVE 3 (MANAGEMENT INFORMATION)'),
(751, 65, 'FUNDAMENTALS OF INDUSTRIAL ELECTRONICS'),
(752, 65, 'PROJECT MANAGEMENT'),
(753, 65, 'MATHEMATICS IN THE MODERN WORLD'),
(754, 65, 'INTRODUCTION TO HDL'),
(755, 66, 'CHEMISTRY FOR ENGINEERS'),
(756, 66, 'CPE PRACTICE AND DESIGN 2'),
(757, 66, 'COMPUTER-AIDED DRAFTING'),
(758, 66, 'COMPUTER HARDWARE FUNDAMENTALS'),
(759, 66, 'FUNDAMENTALS OF MIXED SIGNALS AND SENSORS'),
(760, 66, 'ENGINEERING CALCULUS 1'),
(761, 66, 'ELECTIVE COURSE 1 (FUNDAMENTALS OF NETWORKING'),
(762, 66, 'ELECTIVE 3 (MANAGEMENT INFORMATION)'),
(763, 66, 'MATHEMATICS IN THE MODERN WORLD'),
(764, 66, 'OPERATING SYSTEMS'),
(765, 66, 'INTRODUCTION TO HDL'),
(766, 8, 'Introduction to Computing'),
(767, 8, 'Computer Programming 1'),
(768, 8, 'Advanced Database Systems'),
(769, 8, 'Software Engineering 1'),
(770, 8, 'Web Programming and Development'),
(771, 8, 'CS Elective 2'),
(772, 8, 'Application Development and Emerging Technologies'),
(773, 8, 'Thesis 2'),
(774, 8, 'Computer Programming 2'),
(775, 8, 'Design and Analysis of Algorithms'),
(776, 8, 'CS Elective 1'),
(777, 8, 'Information Management'),
(778, 8, 'Thesis 1'),
(779, 8, 'Software Engineering 2'),
(780, 8, 'Modeling and Simulation'),
(781, 8, 'CS Elective 3'),
(782, 8, 'Mobile Application Development'),
(783, 8, 'Web Development 2'),
(784, 8, 'Web Development 1'),
(785, 8, 'Practicum/Industry Immersion (162 hours)'),
(786, 8, 'Networking 2'),
(787, 8, 'Operating Systems'),
(788, 8, 'Operating System'),
(789, 11, 'Introduction to Computing'),
(790, 11, 'Computer Programming 1'),
(791, 11, 'Software Engineering 1'),
(792, 11, 'CS Elective 2'),
(793, 11, 'Computer Programming 2'),
(794, 11, 'CS Elective 1'),
(795, 11, 'Software Engineering 2'),
(796, 11, 'Operating System'),
(797, 11, 'CS Elective 3'),
(798, 11, 'Social Issues and Professional Practice'),
(799, 11, 'Operating Systems');

-- --------------------------------------------------------

--
-- Table structure for table `login`
--

CREATE TABLE `login` (
  `id` int(11) NOT NULL,
  `username` varchar(255) DEFAULT NULL,
  `password` varchar(255) DEFAULT NULL,
  `role` varchar(255) DEFAULT NULL
) ENGINE=InnoDB DEFAULT CHARSET=utf8mb4 COLLATE=utf8mb4_general_ci;

-- --------------------------------------------------------

--
-- Table structure for table `request`
--

CREATE TABLE `request` (
  `id` int(11) NOT NULL,
  `departmentid` int(11) DEFAULT NULL,
  `calendarid` int(11) DEFAULT NULL
) ENGINE=InnoDB DEFAULT CHARSET=utf8mb4 COLLATE=utf8mb4_general_ci;

--
-- Dumping data for table `request`
--

INSERT INTO `request` (`id`, `departmentid`, `calendarid`) VALUES
(5, 1, 7),
(6, 1, 7),
(7, 1, 7),
(8, 1, 7),
(9, 1, 7),
(10, 1, 7),
(11, 1, 7),
(12, 1, 7),
(13, 1, 7),
(14, 1, 7),
(15, 1, 7),
(16, 1, 7),
(17, 1, 7),
(18, 1, 7),
(19, 1, 7),
(20, 1, 7),
(21, 1, 7),
(22, 1, 7),
(23, 1, 7),
(24, 1, 7),
(25, 1, 7),
(26, 1, 7),
(27, 1, 7),
(28, 1, 7),
(29, 1, 7),
(30, 1, 7),
(31, 1, 7),
(32, 1, 7),
(33, 1, 7),
(34, 1, 7),
(35, 1, 7),
(36, 1, 8),
(37, 1, 8),
(38, 1, 7),
(39, 1, 7),
(40, 1, 8),
(41, 1, 7),
(42, 1, 7);

-- --------------------------------------------------------

--
-- Table structure for table `room`
--

CREATE TABLE `room` (
  `id` int(11) NOT NULL,
  `name` varchar(255) DEFAULT NULL,
  `type` varchar(255) DEFAULT NULL,
  `timestart` varchar(255) DEFAULT NULL,
  `timeend` varchar(255) DEFAULT NULL,
  `departmentid` int(11) DEFAULT NULL,
  `isexclusive` int(11) DEFAULT NULL,
  `collegeid` int(11) DEFAULT NULL,
  `yearlvl` int(11) DEFAULT NULL
) ENGINE=InnoDB DEFAULT CHARSET=utf8mb4 COLLATE=utf8mb4_general_ci;

--
-- Dumping data for table `room`
--

INSERT INTO `room` (`id`, `name`, `type`, `timestart`, `timeend`, `departmentid`, `isexclusive`, `collegeid`, `yearlvl`) VALUES
(1, 'LR1', 'Lec', '07:00', '18:00', 1, 0, 3, 0),
(2, 'Lab 1', 'Lab', '06:00', '17:00', 1, 0, 3, 0),
(3, 'LR2', 'Lec', '07:00', '17:00', 2, 0, 3, 0),
(4, 'Lab 2', 'Lab', '07:00', '19:00', 2, 0, 3, 0),
(5, 'LR 5', 'Lec', '07:00', '19:00', 1, 0, 3, 0),
(12, 'LR3', 'Lec', '07:00', '07:00', 1, 0, 3, 0),
(14, 'LR4', 'Lec', '07:00', '07:00', 2, 0, 3, 0),
(16, 'GYM', 'Lab', '07:00', '07:00', 8, 0, 7, 0),
(17, 'CTE', 'Lec', '07:00', '07:00', 8, 0, 7, 0),
(18, 'CSSPE', 'Lab', '07:00', '07:00', 8, 0, 7, 0),
(19, 'CET 205', 'Lec', '07:00', '07:00', 9, 0, 8, 0),
(20, 'CET 206', 'Lab', '07:00', '07:00', 9, 0, 8, 0),
(21, 'CET 204', 'Lab', '07:00', '07:00', 9, 0, 8, 1),
(22, 'CET 203', 'Lab', '07:00', '07:00', 9, 0, 8, 0);

-- --------------------------------------------------------

--
-- Table structure for table `root`
--

CREATE TABLE `root` (
  `id` int(11) NOT NULL,
  `fname` varchar(255) DEFAULT NULL,
  `lname` varchar(255) DEFAULT NULL,
  `mname` varchar(255) DEFAULT NULL,
  `contactno` int(11) DEFAULT NULL,
  `username` varchar(255) DEFAULT NULL,
  `password` varchar(255) DEFAULT NULL,
  `collegeid` int(11) DEFAULT NULL,
  `departmentid` int(11) DEFAULT NULL,
  `role` varchar(255) DEFAULT NULL
) ENGINE=InnoDB DEFAULT CHARSET=utf8mb4 COLLATE=utf8mb4_general_ci;

-- --------------------------------------------------------

--
-- Table structure for table `subject`
--

CREATE TABLE `subject` (
  `id` int(11) NOT NULL,
  `subjectcode` varchar(255) DEFAULT NULL,
  `name` varchar(255) DEFAULT NULL,
  `unit` decimal(11,0) DEFAULT NULL,
  `hours` decimal(10,1) NOT NULL,
  `type` varchar(255) DEFAULT NULL,
  `masters` varchar(255) DEFAULT NULL,
  `focus` varchar(255) DEFAULT NULL,
  `calendarid` int(11) DEFAULT NULL,
  `departmentid` int(11) DEFAULT NULL,
  `yearlvl` varchar(255) DEFAULT NULL,
  `commonname` varchar(255) DEFAULT NULL,
  `requirelabroom` int(11) NOT NULL DEFAULT 0
) ENGINE=InnoDB DEFAULT CHARSET=utf8mb4 COLLATE=utf8mb4_general_ci;

--
-- Dumping data for table `subject`
--

INSERT INTO `subject` (`id`, `subjectcode`, `name`, `unit`, `hours`, `type`, `masters`, `focus`, `calendarid`, `departmentid`, `yearlvl`, `commonname`, `requirelabroom`) VALUES
(58, 'CC 100', 'Introduction to Computing', 2, 2.0, 'Lec', 'No', 'Major', 8, 1, '1', 'Introduction to Computing', 0),
(59, 'CC 100', 'Introduction to Computing LAB', 1, 3.0, 'Lab', 'No', 'Major', 8, 1, '1', 'Introduction to Computing', 0),
(60, 'CC 101', 'Computer Programming 1', 3, 3.0, 'Lec', 'No', 'Major', 8, 1, '1', 'Computer Programming 1', 0),
(61, 'CC 101', 'Computer Programming 1 LAB', 1, 3.0, 'Lab', 'No', 'Major', 8, 1, '1', 'Computer Programming 1', 1),
(62, 'CAS 101', 'Purposive Communication', 3, 3.0, 'Lec', 'No', 'Minor', 8, 1, '1', 'Purposive Communication', 0),
(63, 'MATH 100', 'Mathematics in the Modern World', 3, 3.0, 'Lec', 'No', 'Minor', 8, 1, '1', 'Mathematics in the Modern World', 0),
(64, 'US 101', 'Understanding the Self', 3, 3.0, 'Lec', 'No', 'Minor', 8, 1, '1', 'Understanding the Self', 0),
(65, 'FIL 101', 'Komunikasyon sa Akademikong Filipino', 3, 3.0, 'Lec', 'No', 'Minor', 8, 1, '1', 'Komunikasyon sa Akademikong Filipino', 0),
(66, 'PE 101', 'Physical Education 1', 2, 2.0, 'Lec', 'No', 'Minor', 8, 1, '1', 'Physical Education 1', 0),
(67, 'NSTP 1', 'National Service Training Program 1', 3, 3.0, 'Lec', 'No', 'Minor', 8, 1, '1', 'National Service Training Program 1', 0),
(68, 'EUTH A', 'Euthenics A', 2, 2.0, 'Lec', 'No', 'Minor', 8, 1, '1', 'Euthenics A', 0),
(69, 'CS 121', 'Object-Oriented Programming', 3, 3.0, 'Lec', 'No', 'Major', 8, 1, '2', 'Object-Oriented Programming', 0),
(70, 'CS 121', 'Object-Oriented Programming LAB', 1, 3.0, 'Lab', 'No', 'Major', 8, 1, '2', 'Object-Oriented Programming', 1),
(71, 'CS 123', 'Discrete Structures 2', 3, 3.0, 'Lec', 'No', 'Major', 8, 1, '2', 'Discrete Structures 2', 0),
(72, 'CS 125', 'Digital Design', 3, 3.0, 'Lec', 'No', 'Major', 8, 1, '2', 'Digital Design', 0),
(73, 'CS 125', 'Digital Design LAB', 1, 3.0, 'Lab', 'No', 'Major', 8, 1, '2', 'Digital Design', 1),
(75, 'CS 127', 'Human Computer Interaction LAB', 1, 3.0, 'Lab', 'No', 'Major', 8, 1, '2', 'Human Computer Interaction', 1),
(76, 'CC 103', 'Data Structures and Algorithms', 3, 3.0, 'Lec', 'No', 'Major', 8, 1, '2', 'Data Structures and Algorithms', 0),
(77, 'CC 103', 'Data Structures and Algorithms LAB', 1, 3.0, 'Lab', 'No', 'Major', 8, 1, '2', 'Data Structures and Algorithms', 0),
(78, 'MATH 104', 'Calculus 2', 3, 3.0, 'Lec', 'No', 'Minor', 8, 1, '2', 'Calculus 2', 0),
(79, 'LIT 101', 'Philippine Literature', 3, 3.0, 'Lec', 'No', 'Minor', 8, 1, '2', 'Philippine Literature', 0),
(80, 'CS 131', 'Automata Theory and Formal Languages', 3, 3.0, 'Lec', 'No', 'Major', 8, 1, '3', 'Automata Theory and Formal Languages', 0),
(81, 'CS 133', 'Information Assurance and Security', 2, 2.0, 'Lec', 'No', 'Major', 8, 1, '3', 'Information Assurance and Security', 0),
(82, 'CS 135', 'Advanced Database Systems', 3, 3.0, 'Lec', 'No', 'Major', 8, 1, '3', 'Advanced Database Systems', 0),
(83, 'CS 135', 'Advanced Database Systems LAB', 1, 3.0, 'Lab', 'No', 'Major', 8, 1, '3', 'Advanced Database Systems', 1),
(84, 'CS 137', 'Software Engineering 1', 2, 2.0, 'Lec', 'No', 'Major', 8, 1, '3', 'Software Engineering 1', 0),
(85, 'CS 137', 'Software Engineering 1 LAB', 1, 3.0, 'Lab', 'No', 'Major', 8, 1, '3', 'Software Engineering 1', 1),
(86, 'CS 139', 'Web Programming and Development', 3, 3.0, 'Lec', 'No', 'Major', 8, 1, '3', 'Web Programming and Development', 0),
(87, 'CS 139', 'Web Programming and Development LAB', 1, 3.0, 'Lab', 'No', 'Major', 8, 1, '3', 'Web Programming and Development', 1),
(88, 'CS 140', 'CS Elective 2', 2, 2.0, 'Lec', 'No', 'Major', 8, 1, '3', 'CS Elective 2', 0),
(89, 'CS 140', 'CS Elective 2 LAB', 1, 3.0, 'Lab', 'No', 'Major', 8, 1, '3', 'CS Elective 2', 0),
(90, 'CC 105', 'Application Development and Emerging Technologies', 2, 2.0, 'Lec', 'No', 'Major', 8, 1, '3', 'Application Development and Emerging Technologies', 0),
(91, 'CC 105', 'Application Development and Emerging Technologies LAB', 1, 3.0, 'Lab', 'No', 'Major', 8, 1, '3', 'Application Development and Emerging Technologies', 0),
(92, 'CS 143', 'Thesis 2', 3, 3.0, 'Lec', 'Yes', 'Major2', 8, 1, '4', 'Thesis 2', 0),
(93, 'HIST 100', 'Life and Works of Rizal', 3, 3.0, 'Lec', 'No', 'Minor', 8, 1, '4', 'Life and Works of Rizal', 0),
(94, 'CS 111', 'Discrete Structures 1', 3, 3.0, 'Lec', 'No', 'Major', 10, 1, '1', 'Discrete Structures 1', 0),
(95, 'CC 102', 'Computer Programming 2', 3, 3.0, 'Lec', 'No', 'Major', 10, 1, '1', 'Computer Programming 2', 0),
(96, 'CC 102', 'Computer Programming 2 LAB', 1, 3.0, 'Lab', 'No', 'Major', 10, 1, '1', 'Computer Programming 2', 1),
(97, 'MATH 103', 'Calculus 1', 3, 3.0, 'Lec', 'No', 'Minor', 10, 1, '1', 'Calculus 1', 0),
(98, 'CW 101', 'The Contemporary World', 3, 3.0, 'Lec', 'No', 'Minor', 10, 1, '1', 'The Contemporary World', 0),
(99, 'STS 100', 'Science, Technology and Society', 3, 3.0, 'Lec', 'No', 'Minor', 10, 1, '1', 'Science, Technology and Society', 0),
(100, 'FIL 102', 'Retorika', 3, 3.0, 'Lec', 'No', 'Minor', 10, 1, '1', 'Retorika', 0),
(101, 'PE 102', 'Physical Education 2', 2, 2.0, 'Lec', 'No', 'Minor', 10, 1, '1', 'Physical Education 2', 0),
(102, 'NTSP 2', 'National Service Training Program 2', 3, 3.0, 'Lec', 'No', 'Minor', 10, 1, '1', 'National Service Training Program 2', 0),
(103, 'EUTH B', 'Euthenics B', 2, 2.0, 'Lec', 'No', 'Minor', 10, 1, '1', 'Euthenics B', 0),
(104, 'CS 120', 'Architecture and Organization', 3, 3.0, 'Lec', 'No', 'Major', 10, 1, '2', 'Architecture and Organization', 0),
(105, 'CS 120', 'Architecture and Organization LAB', 1, 3.0, 'Lab', 'No', 'Major', 10, 1, '2', 'Architecture and Organization', 1),
(106, 'CS 122', 'Design and Analysis of Algorithms', 3, 3.0, 'Lec', 'No', 'Major', 10, 1, '2', 'Design and Analysis of Algorithms', 0),
(107, 'CS 124', 'Programming Languages', 2, 2.0, 'Lec', 'No', 'Major', 10, 1, '2', 'Programming Languages', 0),
(108, 'CS 124', 'Programming Languages LAB', 1, 3.0, 'Lab', 'No', 'Major', 10, 1, '2', 'Programming Languages', 1),
(109, 'CS 126', 'Networks and Communications', 2, 2.0, 'Lec', 'No', 'Major', 10, 1, '2', 'Networks and Communications', 0),
(110, 'CS 126', 'Networks and Communications LAB', 1, 3.0, 'Lab', 'No', 'Major', 10, 1, '2', 'Networks and Communications', 1),
(111, 'CS 126', 'CS Elective 1', 2, 2.0, 'Lec', 'No', 'Major', 10, 1, '2', 'CS Elective 1', 0),
(112, 'CS 126', 'CS Elective 1 LAB', 1, 3.0, 'Lab', 'No', 'Major', 10, 1, '2', 'CS Elective 1', 1),
(113, 'CC 104', 'Information Management', 3, 3.0, 'Lec', 'No', 'Major', 10, 1, '2', 'Information Management', 0),
(114, 'CC 104', 'Information Management LAB', 1, 3.0, 'Lab', 'No', 'Major', 10, 1, '2', 'Information Management', 0),
(115, 'Physical Education 4', 'Physical Education 4', 2, 2.0, 'Lec', 'No', 'Minor', 10, 1, '2', 'Physical Education 4', 0),
(116, 'PE 103', 'Physical Education 3', 2, 2.0, 'Lec', 'No', 'Minor', 8, 1, '2', 'Physical Education 3', 0),
(117, 'CS 130', 'Thesis 1', 3, 3.0, 'Lec', 'Yes', 'Major', 10, 1, '3', 'Thesis 1', 0),
(118, 'CS 132', 'Software Engineering 2', 2, 2.0, 'Lec', 'No', 'Major', 10, 1, '3', 'Software Engineering 2', 0),
(119, 'CS 132', 'Software Engineering 2 LAB', 1, 3.0, 'Lab', 'No', 'Major', 10, 1, '3', 'Software Engineering 2', 1),
(120, 'CS 134', 'Operating System', 3, 3.0, 'Lec', 'No', 'Major', 10, 1, '3', 'Operating System', 0),
(121, 'CS 134', 'Operating System LAB', 1, 3.0, 'Lab', 'No', 'Major', 10, 1, '3', 'Operating System', 1),
(122, 'CS 136', 'Modeling and Simulation', 2, 2.0, 'Lec', 'No', 'Major', 10, 1, '3', 'Modeling and Simulation', 0),
(123, 'CS 136', 'Modeling and Simulation LAB', 1, 3.0, 'Lab', 'No', 'Major', 10, 1, '3', 'Modeling and Simulation', 1),
(124, 'CS 138', 'CS Elective 3', 2, 2.0, 'Lec', 'No', 'Major', 10, 1, '3', 'CS Elective 3', 0),
(125, 'CS 138', 'CS Elective 3 LAB', 1, 3.0, 'Lab', 'No', 'Major', 10, 1, '3', 'CS Elective 3', 1),
(126, 'ETHICS 101', 'Ethics', 3, 3.0, 'Lec', 'No', 'Minor', 10, 1, '3', 'Ethics', 0),
(127, 'CS 142', 'Social Issues and Professional Practice', 3, 3.0, 'Lec', 'No', 'Minor', 10, 1, '4', 'Social Issues and Professional Practice', 0),
(128, 'HIST 101', 'Readings in Philippine History', 3, 3.0, 'Lec', 'No', 'Minor', 10, 1, '4', 'Readings in Philippine History', 0),
(129, 'A&H 100', 'Art Appreciation', 3, 3.0, 'Lec', 'No', 'Minor', 10, 1, '4', 'Art Appreciation', 0),
(132, 'CC 101', 'Computer Programming 1', 3, 3.0, 'Lec', 'No', 'Major', 19, 1, '1', 'Computer Programming 1', 0),
(133, 'CC 101', 'Computer Programming 1 LAB', 1, 3.0, 'Lab', 'No', 'Major', 19, 1, '1', 'Computer Programming 1', 1),
(134, 'DS 111', 'Discrete Structures 1', 3, 3.0, 'Lec', 'No', 'Major', 19, 1, '1', 'Discrete Structures 1', 0),
(135, 'CAS 101', 'Purposive Communication', 3, 3.0, 'Lec', 'No', 'Minor', 19, 1, '1', 'Purposive Communication', 0),
(136, 'MATH 100', 'Mathematics in the Modern World', 3, 3.0, 'Lec', 'No', 'Minor', 19, 1, '1', 'Mathematics in the Modern World', 0),
(137, 'HIST 100', 'Life and Works of Rizal', 3, 3.0, 'Lec', 'No', 'Minor', 19, 1, '1', 'Life and Works of Rizal', 0),
(138, 'US 101', 'Understanding the Self', 3, 3.0, 'Lec', 'No', 'Minor', 19, 1, '1', 'Understanding the Self', 0),
(139, 'PATHFIT 1', 'Movement Competency Training', 2, 2.0, 'Lec', 'No', 'Minor', 19, 1, '1', 'Movement Competency Training', 0),
(140, 'NSTP 1', 'National Service Training Program 1', 3, 3.0, 'Lec', 'No', 'Minor', 19, 1, '1', 'National Service Training Program 1', 0),
(141, 'CC 103', 'Data Structures and Algorithms', 2, 2.0, 'Lec', 'No', 'Major', 19, 1, '1', 'Data Structures and Algorithms', 0),
(143, 'CC 103', 'Data Structures and Algorithms', 2, 2.0, 'Lec', 'No', 'Major', 19, 1, '2', 'Data Structures and Algorithms', 0),
(144, 'CC 103', 'Data Structures and Algorithms LAB', 1, 3.0, 'Lab', 'No', 'Major', 19, 1, '2', 'Data Structures and Algorithms', 0),
(145, 'CC 104', 'Information Management', 2, 2.0, 'Lec', 'No', 'Major', 19, 1, '2', 'Information Management', 0),
(146, 'CC 104', 'Information Management LAB', 1, 3.0, 'Lab', 'No', 'Major', 19, 1, '2', 'Information Management', 0),
(147, 'MAD 121', 'Mobile Application Development', 2, 2.0, 'Lec', 'No', 'Major', 19, 1, '2', 'Mobile Application Development', 0),
(148, 'MAD 121', 'Mobile Application Development LAB', 1, 3.0, 'Lab', 'No', 'Major', 19, 1, '2', 'Mobile Application Development', 1),
(149, 'WD 123', 'Web Development 2', 2, 2.0, 'Lec', 'No', 'Major', 19, 1, '2', 'Web Development 2', 0),
(150, 'WD 123', 'Web Development 2 LAB', 1, 3.0, 'Lab', 'No', 'Major', 19, 1, '2', 'Web Development 2', 0),
(151, 'SIPP 125', 'Social Issues and Professional Practice', 3, 3.0, 'Lec', 'No', 'Major', 19, 1, '2', 'Social Issues and Professional Practice', 0),
(152, 'NC 127', 'Network and Communication', 2, 2.0, 'Lec', 'No', 'Major', 19, 1, '2', 'Network and Communication', 0),
(153, 'NC 127', 'Network and Communication LAB', 1, 3.0, 'Lab', 'No', 'Major', 19, 1, '2', 'Network and Communication', 1),
(154, 'PATHFIT 3', 'Sports', 2, 2.0, 'Lec', 'No', 'Minor', 19, 1, '2', 'Sports', 0),
(155, 'SE 131', 'Software Engineering 1', 2, 2.0, 'Lec', 'No', 'Major', 19, 1, '3', 'Software Engineering 1', 0),
(156, 'SE 131', 'Software Engineering 1 LAB', 1, 3.0, 'Lab', 'No', 'Major', 19, 1, '3', 'Software Engineering 1', 1),
(157, 'ADS 133', 'Advanced Database Systems', 2, 2.0, 'Lec', 'No', 'Major', 19, 1, '3', 'Advanced Database Systems', 0),
(158, 'ADS 133', 'Advanced Database Systems LAB', 1, 3.0, 'Lab', 'No', 'Major', 19, 1, '3', 'Advanced Database Systems', 1),
(159, 'ATFL 135', 'Automata Theory and Formal Languages', 3, 3.0, 'Lec', 'No', 'Major', 19, 1, '3', 'Automata Theory and Formal Languages', 0),
(160, 'OS 137', 'Operating Systems', 2, 2.0, 'Lec', 'No', 'Major', 19, 1, '3', 'Operating Systems', 0),
(161, 'OS 137', 'Operating Systems LAB', 1, 3.0, 'Lab', 'No', 'Major', 19, 1, '3', 'Operating Systems', 1),
(162, 'Calc 126', 'Calculus for Computer Science', 3, 3.0, 'Lec', 'No', 'Minor', 19, 1, '3', 'Calculus for Computer Science', 0),
(163, 'CSE 131', 'CS Elective 1', 2, 2.0, 'Lec', 'No', 'Major', 19, 1, '3', 'CS Elective 1', 0),
(164, 'CSE 131', 'CS Elective 1 LAB', 1, 3.0, 'Lab', 'No', 'Major', 19, 1, '3', 'CS Elective 1', 1),
(165, 'CSE 133', 'CS Elective 2', 2, 2.0, 'Lec', 'No', 'Major', 19, 1, '3', 'CS Elective 2', 0),
(166, 'CSE 133', 'CS Elective 2 LAB', 1, 3.0, 'Lab', 'No', 'Major', 19, 1, '3', 'CS Elective 2', 1),
(167, 'Thesis 141', 'CS Thesis 2', 3, 3.0, 'Lec', 'Yes', 'Major1', 19, 1, '4', 'CS Thesis 2', 0),
(168, 'A&H 100', 'Art Appreciation', 3, 3.0, 'Lec', 'No', 'Minor', 19, 1, '4', 'Art Appreciation', 0),
(169, 'CC 102', 'Computer Programming 2', 3, 3.0, 'Lec', 'No', 'Major', 20, 1, '1', 'Computer Programming 2', 0),
(170, 'CC 102', 'Computer Programming 2 LAB', 1, 3.0, 'Lab', 'No', 'Major', 20, 1, '1', 'Computer Programming 2', 1),
(171, 'OOP 112', 'Object-Oriented Programming', 2, 2.0, 'Lec', 'No', 'Major', 20, 1, '1', 'Object-Oriented Programming', 0),
(172, 'WD 114 ', 'Web Development 1', 2, 2.0, 'Lec', 'No', 'Major', 20, 1, '1', 'Web Development 1', 0),
(173, 'WD 114 ', 'Web Development 1 LAB', 1, 3.0, 'Lab', 'No', 'Major', 20, 1, '1', 'Web Development 1', 1),
(174, 'HCI 116', 'Human Computer Interaction', 3, 3.0, 'Lec', 'No', 'Major', 20, 1, '1', 'Human Computer Interaction', 0),
(175, 'DS 118', 'Discrete Structures 2', 3, 3.0, 'Lec', 'No', 'Major', 20, 1, '1', 'Discrete Structures 2', 0),
(176, 'HIST 101', 'Readings in Philippine History', 3, 3.0, 'Lec', 'No', 'Minor', 20, 1, '1', 'Readings in Philippine History', 0),
(177, 'STS 100', 'Science, Technology and Society', 3, 3.0, 'Lec', 'No', 'Minor', 20, 1, '1', 'Science, Technology and Society', 0),
(178, 'PATHFIT 2', 'Exercise Based Fitness Activities', 3, 3.0, 'Lec', 'No', 'Minor', 20, 1, '1', 'Exercise Based Fitness Activities', 0),
(179, 'NTSP 2', 'National Service Training Program 2', 3, 3.0, 'Lec', 'No', 'Minor', 20, 1, '1', 'National Service Training Program 2', 0),
(182, 'CC 105', 'Application Development and Emerging Technologies', 2, 2.0, 'Lec', 'No', 'Major', 20, 1, '2', 'Application Development and Emerging Technologies', 0),
(183, 'CC 105', 'Application Development and Emerging Technologies LAB', 1, 3.0, 'Lab', 'No', 'Major', 20, 1, '2', 'Application Development and Emerging Technologies', 0),
(186, 'AO 124', 'Architecture and Organization', 2, 2.0, 'Lec', 'No', 'Major', 20, 1, '2', 'Architecture and Organization', 0),
(187, 'AO 124', 'Architecture and Organization LAB', 1, 3.0, 'Lab', 'No', 'Major', 20, 1, '2', 'Architecture and Organization', 1),
(188, 'PHILCON', 'Philippine Constitution', 3, 3.0, 'Lec', 'No', 'Minor', 20, 1, '2', 'Philippine Constitution', 0),
(189, 'CW 101', 'The Contemporary World', 3, 3.0, 'Lec', 'No', 'Minor', 20, 1, '2', 'The Contemporary World', 0),
(190, 'PATHFIT 4', 'Outdoor and Adventure Activities', 2, 2.0, 'Lec', 'No', 'Minor', 20, 1, '2', 'Outdoor and Adventure Activities', 0),
(191, 'ES 130', 'Embedded Systems', 2, 2.0, 'Lec', 'No', 'Major', 20, 1, '3', 'Embedded Systems', 0),
(192, 'ES 130', 'Embedded Systems LAB', 1, 3.0, 'Lab', 'No', 'Major', 20, 1, '3', 'Embedded Systems', 1),
(193, 'SE 132', 'Software Engineering 2', 2, 2.0, 'Lec', 'No', 'Major', 20, 1, '3', 'Software Engineering 2', 0),
(194, 'SE 132', 'Software Engineering 2 LAB', 1, 3.0, 'Lab', 'No', 'Major', 20, 1, '3', 'Software Engineering 2', 1),
(196, 'IAS 134', 'Information Assurance and Security LAB', 1, 3.0, 'Lab', 'No', 'Major', 20, 1, '3', 'Information Assurance and Security', 1),
(197, 'CSE 132', 'CS Elective 3', 2, 2.0, 'Lec', 'No', 'Major', 20, 1, '3', 'CS Elective 3', 0),
(198, 'CSE 132', 'CS Elective 3 LAB', 1, 3.0, 'Lab', 'No', 'Major', 20, 1, '3', 'CS Elective 3', 1),
(199, 'GE Elect 1', 'SSP 103 Gender and Society', 3, 3.0, 'Lec', 'No', 'Minor', 20, 1, '3', 'SSP 103 Gender and Society', 0),
(200, 'GE Elect 1', 'SSP 104 The Entrepreneurial Mind', 3, 3.0, 'Lec', 'No', 'Minor', 20, 1, '3', 'SSP 104 The Entrepreneurial Mind', 0),
(201, 'GE Elect 2', 'MST 101: Environmental Science', 3, 3.0, 'Lec', 'No', 'Minor', 20, 1, '3', 'MST 101: Environmental Science', 0),
(202, 'CSPRAC 142', 'Practicum/Industry Immersion (162 hours)', 3, 3.0, 'Lec', 'No', 'Major1', 20, 1, '4', 'Practicum/Industry Immersion (162 hours)', 0),
(203, 'ETHICS 101', 'Ethics', 3, 3.0, 'Lec', 'No', 'Minor', 20, 1, '4', 'Ethics', 0),
(204, 'CC 100', 'Introduction to Computing', 2, 2.0, 'Lec', 'No', 'Major', 19, 1, '1', 'Introduction to Computing', 0),
(205, 'CC 100', 'Introduction to Computing LAB', 1, 3.0, 'Lab', 'No', 'Major', 19, 1, '1', 'Introduction to Computing', 0),
(207, 'IT 131', 'Advanced Database Systems', 3, 3.0, 'Lec', 'No', 'Major', 8, 2, '3', 'Advanced Database Systems', 0),
(208, 'IT 131', 'Advanced Database Systems LAB', 1, 3.0, 'Lab', 'No', 'Major', 8, 2, '3', 'Advanced Database Systems', 1),
(209, 'IT 133', 'Networking 2', 2, 2.0, 'Lec', 'No', 'Major', 8, 2, '3', 'Networking 2', 0),
(210, 'IT 133', 'Networking 2 LAB', 1, 3.0, 'Lab', 'No', 'Major', 8, 2, '3', 'Networking 2', 1),
(211, 'IT 135', 'Systems Integration and Architecture', 2, 2.0, 'Lec', 'No', 'Major', 8, 2, '3', 'Systems Integration and Architecture', 0),
(212, 'IT 135', 'Systems Integration and Architecture LAB', 1, 3.0, 'Lab', 'No', 'Major', 8, 2, '3', 'Systems Integration and Architecture', 0),
(213, 'IT 137', 'Web Systems and Technologies', 3, 3.0, 'Lec', 'No', 'Major', 8, 2, '3', 'Web Systems and Technologies', 0),
(214, 'IT 137', 'Web Systems and Technologies LAB', 1, 3.0, 'Lab', 'No', 'Major', 8, 2, '3', 'Web Systems and Technologies', 1),
(215, 'IT 139', 'IT Elective 1', 2, 2.0, 'Lec', 'No', 'Major', 8, 2, '3', 'IT Elective 1', 0),
(216, 'IT 139', 'IT Elective 1 LAB', 1, 3.0, 'Lab', 'No', 'Major', 8, 2, '3', 'IT Elective 1', 0),
(217, 'CC 105', 'Application Development and Emerging Technologies', 2, 2.0, 'Lec', 'No', 'Major', 8, 2, '3', 'Application Development and Emerging Technologies', 0),
(218, 'CC 105', 'Application Development and Emerging Technologies LAB', 1, 3.0, 'Lab', 'No', 'Major', 8, 2, '3', 'Application Development and Emerging Technologies', 0),
(219, 'IT 141', 'Capstone Project and Research 2', 0, 0.0, 'Lec', 'No', 'Major1', 8, 2, '4', 'Capstone Project and Research 2', 0),
(220, 'IT 143', 'Information Assurance and Security 2', 2, 2.0, 'Lec', 'No', 'Major', 8, 2, '4', 'Information Assurance and Security 2', 0),
(221, 'IT 143', 'Information Assurance and Security 2 LAB', 1, 3.0, 'Lab', 'No', 'Major', 8, 2, '4', 'Information Assurance and Security 2', 1),
(222, 'CC 100', 'Introduction to Computing', 2, 2.0, 'Lec', 'No', 'Major', 19, 2, '1', 'Introduction to Computing', 0),
(223, 'CC 100', 'Introduction to Computing LAB', 1, 3.0, 'Lab', 'No', 'Major', 19, 2, '1', 'Introduction to Computing', 0),
(224, 'CC 103', 'Computer Programming 1', 2, 2.0, 'Lec', 'No', 'Major', 19, 2, '1', 'Computer Programming 1', 0),
(225, 'CC 103', 'Computer Programming 1 LAB', 1, 3.0, 'Lab', 'No', 'Major', 19, 2, '1', 'Computer Programming 1', 0),
(226, 'CAS 101', 'Purposive Communication', 3, 3.0, 'Lec', 'No', 'Minor', 19, 2, '1', 'Purposive Communication', 0),
(227, 'MATH 100', 'Mathematics in the Modern World', 3, 3.0, 'Lec', 'No', 'Minor', 19, 2, '1', 'Mathematics in the Modern World', 0),
(228, 'US 101', 'Understanding the Self', 3, 3.0, 'Lec', 'No', 'Minor', 19, 2, '1', 'Understanding the Self', 0),
(229, 'PATHFIT 1', 'Movement Competency Training', 2, 2.0, 'Lec', 'No', 'Minor', 19, 2, '1', 'Movement Competency Training', 0),
(230, 'NSTP 1 ', 'CWTS 1/ LTS 1/ ROTC 1', 3, 3.0, 'Lec', 'No', 'Minor', 19, 2, '1', 'CWTS 1/ LTS 1/ ROTC 1', 0),
(231, 'FIL 101', 'Wika, Kultura, at Mapayapang Lipunan', 3, 3.0, 'Lec', 'No', 'Minor', 19, 2, '1', 'Wika, Kultura, at Mapayapang Lipunan', 0),
(232, 'IT Elective 1', 'IT Elective 1', 2, 2.0, 'Lec', 'No', 'Major', 19, 2, '2', 'IT Elective 1', 0),
(233, 'IT Elective 1', 'IT Elective 1 LAB', 1, 3.0, 'Lab', 'No', 'Major', 19, 2, '2', 'IT Elective 1', 1),
(234, 'IT 212', 'Quantitative Methods', 3, 3.0, 'Lec', 'No', 'Major', 19, 2, '2', 'Quantitative Methods', 0),
(235, 'IT 213 ', 'Social and Professional Practice', 3, 3.0, 'Lec', 'No', 'Major', 19, 2, '2', 'Social and Professional Practice', 0),
(236, 'CC 103', 'Data Structures and Algorithms', 2, 2.0, 'Lec', 'No', 'Major', 19, 2, '2', 'Data Structures and Algorithms', 0),
(237, 'CC 103', 'Data Structures and Algorithms LAB', 1, 3.0, 'Lab', 'No', 'Major', 19, 2, '2', 'Data Structures and Algorithms', 0),
(238, 'CC 104', 'Information Management', 2, 2.0, 'Lec', 'No', 'Major', 19, 2, '2', 'Information Management', 0),
(239, 'CC 104', 'Information Management LAB', 1, 3.0, 'Lab', 'No', 'Major', 19, 2, '2', 'Information Management', 0),
(240, 'HIST 101', 'Readings in Philippine History', 3, 3.0, 'Lec', 'No', 'Minor', 19, 2, '2', 'Readings in Philippine History', 0),
(241, 'HIST 101', 'Readings in Philippine History LAB', 1, 3.0, 'Lab', 'No', 'Minor', 19, 2, '2', 'Readings in Philippine History', 1),
(242, 'STS 100', 'Science, Technology and Society', 3, 3.0, 'Lec', 'No', 'Minor', 19, 2, '2', 'Science, Technology and Society', 0),
(243, 'PATHFIT 3', 'Dance 1', 2, 2.0, 'Lec', 'No', 'Minor', 19, 2, '2', 'Dance 1', 0),
(244, 'IT 145', 'IT Elective 4', 2, 2.0, 'Lec', 'No', 'Major', 8, 2, '4', 'IT Elective 4', 0),
(245, 'IT 145', 'IT Elective 4 LAB', 1, 3.0, 'Lab', 'No', 'Major', 8, 2, '4', 'IT Elective 4', 1),
(247, 'CC 100', 'Introduction to Computing', 2, 2.0, 'Lec', 'No', 'Major', 19, 6, '1', 'Introduction to Computing', 0),
(248, 'CC 100', 'Introduction to Computing LAB', 1, 3.0, 'Lab', 'No', 'Major', 19, 6, '1', 'Introduction to Computing ', 0),
(249, 'CC 101', 'Computer Programming 1', 3, 3.0, 'Lec', 'No', 'Major', 19, 6, '1', 'Computer Programming 1', 0),
(250, 'CC 101', 'Computer Programming 1 LAB', 1, 3.0, 'Lab', 'No', 'Major', 19, 6, '1', 'Computer Programming 1 ', 1),
(251, 'DS 111', 'Discrete Structures 1', 3, 3.0, 'Lec', 'No', 'Major', 19, 6, '1', 'Discrete Structures 1', 0),
(252, 'CAS 101', 'Purposive Communication', 3, 3.0, 'Lec', 'No', 'Minor', 19, 6, '1', 'Purposive Communication', 0),
(253, 'MAT 100', 'Mathematics in the Modern World', 3, 3.0, 'Lec', 'No', 'Minor', 19, 6, '1', 'Mathematics in the Modern World', 0),
(254, 'HIST 100', 'Life and Works of Rizal', 3, 3.0, 'Lec', 'No', 'Minor', 19, 6, '1', 'Life and Works of Rizal', 0),
(255, 'US 101', 'Understanding the Self', 3, 3.0, 'Lec', 'No', 'Minor', 19, 6, '1', 'Understanding the Self', 0),
(256, 'NSTP 1', 'National Service Training Program 1', 3, 3.0, 'Lec', 'No', 'Minor', 19, 6, '1', 'National Service Training Program 1', 0),
(257, 'CC 103', 'Data Structures and Algorithms', 2, 2.0, 'Lec', 'No', 'Major', 19, 6, '2', 'Data Structures and Algorithms', 0),
(258, 'CC 103', 'Data Structures and Algorithms LAB', 1, 3.0, 'Lab', 'No', 'Major', 19, 6, '2', 'Data Structures and Algorithms ', 0),
(259, 'CC 104', 'Information Management', 2, 2.0, 'Lec', 'No', 'Major', 19, 6, '2', 'Information Management', 0),
(260, 'CC 104', 'Information Management LAB', 1, 3.0, 'Lab', 'No', 'Major', 19, 6, '2', 'Information Management ', 0),
(261, 'MAD 121', 'Mobile Application Development', 2, 2.0, 'Lec', 'No', 'Major', 19, 6, '2', 'Mobile Application Development', 0),
(262, 'MAD 121', 'Mobile Application Development LAB', 1, 3.0, 'Lab', 'No', 'Major', 19, 6, '2', 'Mobile Application Development ', 1),
(263, 'WD 123', 'Web Development 2', 2, 2.0, 'Lec', 'No', 'Major', 19, 6, '2', 'Web Development 2', 0),
(264, 'WD 123', 'Web Development 2 LAB', 1, 3.0, 'Lab', 'No', 'Major', 19, 6, '2', 'Web Development 2 ', 0),
(265, 'SIPP 125', 'Social Issues and Professional Practice', 3, 3.0, 'Lec', 'No', 'Major', 19, 6, '2', 'Social Issues and Professional Practice', 0),
(266, 'PATHFIT 3', 'Sports', 2, 2.0, 'Lec', 'No', 'Minor', 19, 6, '2', 'Sports', 0),
(267, 'CC 100', 'Introduction to Computing', 2, 2.0, 'Lec', 'No', 'Major', 19, 7, '1', 'Introduction to Computing', 0),
(268, 'CC 100', 'Introduction to Computing LAB', 1, 3.0, 'Lab', 'No', 'Major', 19, 7, '1', 'Introduction to Computing ', 0),
(269, 'CC 101', 'Computer Programming 1', 2, 2.0, 'Lec', 'No', 'Major', 19, 7, '1', 'Computer Programming 1', 0),
(270, 'CC 101', 'Computer Programming 1 LAB', 1, 3.0, 'Lab', 'No', 'Major', 19, 7, '1', 'Computer Programming 1 ', 1),
(271, 'CAS 101', 'Purposive Communication', 3, 3.0, 'Lec', 'No', 'Minor', 19, 7, '1', 'Purposive Communication', 0),
(272, 'MATH 100', 'Mathematics in the Modern World', 3, 3.0, 'Lec', 'No', 'Minor', 19, 7, '1', 'Mathematics in the Modern World', 0),
(273, 'US 101', 'Understanding the Self', 3, 3.0, 'Lec', 'No', 'Minor', 19, 7, '1', 'Understanding the Self', 0),
(274, 'PATHFIT 1', 'Movement Competency Training', 2, 2.0, 'Lec', 'No', 'Minor', 19, 7, '1', 'Movement Competency Training', 0),
(275, 'FIL 101', 'Wika, Kultura, at Mapayapang Lipunan', 3, 3.0, 'Lec', 'No', 'Minor', 19, 7, '1', 'Wika, Kultura, at Mapayapang Lipunan', 0),
(276, 'IT 212', 'Quantitative Methods', 3, 3.0, 'Lec', 'No', 'Major', 19, 7, '2', 'Quantitative Methods', 0),
(277, 'IT 213', 'Social and Professional Practice', 3, 3.0, 'Lec', 'No', 'Major', 19, 7, '2', 'Social and Professional Practice', 0),
(278, 'CC 103', 'Data Structures and Algorithms', 2, 2.0, 'Lec', 'No', 'Major', 19, 7, '2', 'Data Structures and Algorithms', 0),
(279, 'CC 103', 'Data Structures and Algorithms LAB', 1, 3.0, 'Lab', 'No', 'Major', 19, 7, '2', 'Data Structures and Algorithms ', 0),
(280, 'CC 104', 'Information Management', 2, 2.0, 'Lec', 'No', 'Major', 19, 7, '2', 'Information Management', 0),
(281, 'CC 104', 'Information Management LAB', 1, 3.0, 'Lab', 'No', 'Major', 19, 7, '2', 'Information Management ', 0),
(282, 'HIST 101', 'Readings in Philippine History', 3, 3.0, 'Lec', 'No', 'Minor', 19, 7, '2', 'Readings in Philippine History', 0),
(283, 'STS 100', 'Science, Technology and Society', 3, 3.0, 'Lec', 'No', 'Minor', 19, 7, '2', 'Science, Technology and Society', 0),
(284, 'PATHFIT 3', 'Dance1/Sports 1/Outdoor and Adventure Activities 1', 2, 2.0, 'Lec', 'No', 'Minor', 19, 7, '2', 'Dance1/Sports 1/Outdoor and Adventure Activities 1', 0),
(294, 'BPED 101', 'Philosophical & Socioanthropological Founda LAB', 1, 3.0, 'Lab', 'No', 'Major', 30, 8, '1', 'Philosophical & Socioanthropological Founda', 0),
(296, 'BPED 103', 'Principles Motor Control & learning of Exerci LAB', 1, 3.0, 'Lab', 'No', 'Major', 30, 8, '1', 'Principles Motor Control & learning of Exerci', 0),
(297, 'HIST 101', 'Readings in Philippine History', 3, 3.0, 'Lec', 'No', 'Minor', 30, 8, '1', 'Readings in Philippine History', 0),
(299, 'BPED 102', 'Anatomy & Physiology of Human movement LAB', 1, 3.0, 'Lab', 'No', 'Major', 30, 8, '1', 'Anatomy & Physiology of Human movement', 0),
(300, 'PE 101', 'PHYSICAL FITNESS ACTIVITY', 2, 2.0, 'Lec', 'No', 'Minor', 30, 8, '1', 'PHYSICAL FITNESS ACTIVITY', 0),
(301, 'US 101', 'Understanding the Self', 3, 3.0, 'Lec', 'No', 'Minor', 30, 8, '1', 'Understanding the Self', 0),
(302, 'A&H 100', 'Art Appreciation', 3, 3.0, 'Lec', 'No', 'Minor', 30, 8, '1', 'Art Appreciation', 0),
(303, 'A&H 100 102', 'Philippine Popular Culture', 3, 3.0, 'Lec', 'No', 'Minor', 30, 8, '1', 'Philippine Popular Culture', 0),
(304, 'EPIC 1', 'EPIC START 1', 3, 3.0, 'Lec', 'No', 'Minor', 30, 8, '1', 'EPIC START 1', 0),
(305, 'LTS 1', 'Literacy Training Service', 3, 3.0, 'Lec', 'No', 'Minor', 30, 8, '1', 'Literacy Training Service', 0),
(306, 'ETHICS 101', 'ETHICS', 3, 3.0, 'Lec', 'No', 'Minor', 30, 8, '2', 'ETHICS', 0),
(307, 'STS 100', 'Science, Technology and Society', 3, 3.0, 'Lec', 'No', 'Minor', 30, 8, '2', 'Science, Technology and Society', 0),
(308, 'PED ', 'THE TEACHING PROFESSION', 3, 3.0, 'Lec', 'No', 'Major', 30, 8, '2', 'THE TEACHING PROFESSION', 0),
(310, 'BPED 108', 'SWIMMING & AQUATICS LAB', 1, 3.0, 'Lab', 'No', 'Major', 30, 8, '2', 'SWIMMING & AQUATICS', 0),
(311, 'PE 3', 'Dance,Sports,Group Exercise, and outdoor', 2, 2.0, 'Lec', 'No', 'Major', 30, 8, '2', 'Dance,Sports,Group Exercise, and outdoor', 0),
(312, 'FIL 102', 'RETORIKA', 3, 3.0, 'Lec', 'No', 'Minor', 30, 8, '2', 'RETORIKA', 0),
(313, 'PED 101', 'The Child & Adolescent Learners and Learning', 3, 3.0, 'Lec', 'No', 'Major', 30, 8, '2', 'The Child & Adolescent Learners and Learning', 0),
(314, 'BPED 107', 'Philippine Traditional Dances', 3, 3.0, 'Lec', 'No', 'Major', 30, 8, '2', 'Philippine Traditional Dances', 0),
(315, 'BPED 109', 'Personal Community & Environmental Health', 3, 3.0, 'Lec', 'No', 'Major', 30, 8, '2', 'Personal Community & Environmental Health', 0),
(316, 'EPIC 3', 'EPIC ACCELERATE', 3, 3.0, 'Lec', 'No', 'Minor', 30, 8, '2', 'EPIC ACCELERATE', 0),
(317, 'PED 108', 'ASSESSMENT IN LEARNING 2', 3, 3.0, 'Lec', 'No', 'Major', 30, 8, '3', 'ASSESSMENT IN LEARNING 2', 0),
(319, 'BPED 119', 'RESEARCH 1 LAB', 1, 3.0, 'Lab', 'No', 'Major', 30, 8, '3', 'RESEARCH 1', 0),
(323, 'BPED 121', 'PROCESS OF TEACHING PE AND HEALTH EDUCATION LAB', 1, 3.0, 'Lab', 'No', 'Major', 30, 8, '3', 'PROCESS OF TEACHING PE AND HEALTH EDUCATION', 0),
(325, 'BPED 123', 'TEAM SPORTS (SOCCER/FOOTBALL,BASKETBALL, VOLLEYBALL) LAB', 1, 3.0, 'Lab', 'No', 'Major', 30, 8, '3', 'TEAM SPORTS (SOCCER/FOOTBALL,BASKETBALL, VOLLEYBALL)', 0),
(327, 'PED 102', 'LEARNING-CENTERED TEACHING LAB', 1, 3.0, 'Lab', 'No', 'Major', 30, 8, '3', 'LEARNING-CENTERED TEACHING', 0),
(329, 'BPED 120', 'TECHNOLOGY FOR TEACHING AND LEARNING 2 LAB', 1, 3.0, 'Lab', 'No', 'Major', 30, 8, '3', 'TECHNOLOGY FOR TEACHING AND LEARNING 2', 0),
(330, 'BPED 122', 'ARTS IN K-12 CURRICULUM', 3, 3.0, 'Lec', 'No', 'Major', 30, 8, '3', 'ARTS IN K-12 CURRICULUM', 0),
(332, 'BPED 124', 'FIELD STUDY 1 (OBSERVATION OF TEACHING-LEARNING) LAB', 1, 3.0, 'Lab', 'No', 'Major', 30, 8, '3', 'FIELD STUDY 1 (OBSERVATION OF TEACHING-LEARNING)', 0),
(334, 'BPED 126', 'PPEDALOGY IN PHYSICAL EDUCATION LAB', 1, 3.0, 'Lab', 'No', 'Major', 30, 8, '4', 'PPEDALOGY IN PHYSICAL EDUCATION', 0),
(335, 'BPED 125', '(FIELD STUDY 2)', 3, 3.0, 'Lec', 'No', 'Major', 30, 8, '4', '(FIELD STUDY 2)', 0),
(339, 'BEM 111', 'ENGINEERING CALCULUS 1', 3, 3.0, 'Lec', 'No', 'Minor', 32, 9, '1', 'ENGINEERING CALCULUS 1', 0),
(340, 'BES 111', 'CHEMISTRY FOR ENGINEERS', 3, 3.0, 'Lec', 'No', 'Major', 32, 9, '1', 'CHEMISTRY FOR ENGINEERS', 0),
(341, 'BES 111', 'CHEMISTRY FOR ENGINEERS LAB', 1, 3.0, 'Lab', 'No', 'Major', 32, 9, '1', 'CHEMISTRY FOR ENGINEERS', 1),
(342, 'CPE 111', 'COMPUTER ENGINEERING AS DISCIPLINE', 2, 2.0, 'Lec', 'No', 'Major', 32, 9, '1', 'COMPUTER ENGINEERING AS DISCIPLINE', 0),
(344, 'CPE 113', 'PROGRAMMING LOGIC AND DESIGN LAB', 1, 3.0, 'Lab', 'No', 'Major', 32, 9, '1', 'PROGRAMMING LOGIC AND DESIGN', 0),
(346, 'CPE 113', 'PROGRAMMING LOGIC AND DESIGN LAB', 1, 3.0, 'Lab', 'No', 'Major', 32, 9, '1', 'PROGRAMMING LOGIC AND DESIGN', 1),
(348, 'CPE 115', 'COMPUTER HARDWARE FUNDAMENTALS LAB', 1, 3.0, 'Lab', 'No', 'Major', 32, 9, '1', 'COMPUTER HARDWARE FUNDAMENTALS', 1),
(349, 'US 101', 'UNDERSTANDING THE SELF', 3, 3.0, 'Lec', 'No', 'Minor', 32, 9, '1', 'UNDERSTANDING THE SELF', 0),
(350, 'MATH 100', 'MATHEMATICS IN THE MODERN WORLD', 3, 3.0, 'Lec', 'No', 'Major', 32, 9, '1', 'MATHEMATICS IN THE MODERN WORLD', 0),
(351, 'CAS 101', 'PURPOSIVE COMMUNICATION', 3, 3.0, 'Lec', 'No', 'Minor', 32, 9, '1', 'PURPOSIVE COMMUNICATION', 0),
(352, 'PathFIT 1', 'MOVEMENT COMPETENCY TRAINING', 2, 2.0, 'Lec', 'No', 'Minor', 32, 9, '1', 'MOVEMENT COMPETENCY TRAINING', 0),
(353, 'BEM 121', 'DIFFERENTIAL EQUATIONS', 3, 3.0, 'Lec', 'No', 'Minor', 32, 9, '2', 'DIFFERENTIAL EQUATIONS', 0),
(355, 'BES 121', 'COMPUTER-AIDED DRAFTING LAB', 1, 3.0, 'Lab', 'No', 'Major', 32, 9, '2', 'COMPUTER-AIDED DRAFTING', 0),
(357, 'CPE 121', 'DATA STRUCTURES AND ALGORITHMS LAB', 1, 3.0, 'Lab', 'No', 'Major', 32, 9, '2', 'DATA STRUCTURES AND ALGORITHMS', 1),
(360, 'CPE 123', 'FUNDAMENTALS OF ELECTRICAL CIRCUITS', 3, 3.0, 'Lec', 'No', 'Major', 32, 9, '2', 'FUNDAMENTALS OF ELECTRICAL CIRCUITS', 0),
(361, 'CPE 123', 'FUNDAMENTALS OF ELECTRICAL CIRCUITS LAB', 1, 3.0, 'Lab', 'No', 'Major', 32, 9, '2', 'FUNDAMENTALS OF ELECTRICAL CIRCUITS', 1),
(362, 'CPE 125', 'DESIGN THINKING AND INNOVATION', 3, 3.0, 'Lec', 'No', 'Major', 32, 9, '2', 'DESIGN THINKING AND INNOVATION', 0),
(363, 'CPE 127', 'PROJECT MANAGEMENT', 2, 2.0, 'Lec', 'No', 'Major', 32, 9, '2', 'PROJECT MANAGEMENT', 0),
(364, 'BES 123', 'ENGINEERING ECONOMICS', 3, 3.0, 'Lec', 'No', 'Major', 32, 9, '2', 'ENGINEERING ECONOMICS', 0),
(365, 'IST 100', 'LIFE AND WORKS OF RIZAL', 3, 3.0, 'Lec', 'No', 'Minor', 32, 9, '2', 'LIFE AND WORKS OF RIZAL', 0),
(366, 'A & H 102', 'GREAT BOOKS', 3, 3.0, 'Lec', 'No', 'Minor', 32, 9, '1', 'GREAT BOOKS', 0),
(367, 'PathFIT 3', 'DANCE, SPORTS, MARTIAL ARTS, GROUP EXCERCISE', 2, 2.0, 'Lec', 'No', 'Minor', 32, 9, '1', 'DANCE, SPORTS, MARTIAL ARTS, GROUP EXCERCISE', 0),
(368, 'CPE 131', 'LOGIC CIRCUITS AND DESIGN', 3, 3.0, 'Lec', 'No', 'Major', 32, 9, '3', 'LOGIC CIRCUITS AND DESIGN', 0),
(369, 'CPE 131', 'LOGIC CIRCUITS AND DESIGN LAB', 1, 3.0, 'Lab', 'No', 'Major', 32, 9, '3', 'LOGIC CIRCUITS AND DESIGN', 1),
(371, 'CPE 133', 'INTRODUCTION TO HDL LAB', 1, 3.0, 'Lab', 'No', 'Major', 32, 9, '3', 'INTRODUCTION TO HDL', 1),
(372, 'CS 135', 'FEEDBACK AND CONTROL SYSYTEMS', 3, 3.0, 'Lec', 'No', 'Major', 32, 9, '3', 'FEEDBACK AND CONTROL SYSYTEMS', 0),
(373, 'CS 135', 'FEEDBACK AND CONTROL SYSYTEMS LAB', 1, 3.0, 'Lab', 'No', 'Major', 32, 9, '3', 'FEEDBACK AND CONTROL SYSYTEMS', 1),
(375, 'CPE 137', 'COMPUTER ENGINEERING DRAFTING AND DESIGN LAB', 1, 3.0, 'Lab', 'No', 'Major', 32, 9, '3', 'COMPUTER ENGINEERING DRAFTING AND DESIGN', 1),
(376, 'CS 139', 'ELECTIVE COURSE 1 (FUNDAMENTALS OF NETWORKING', 2, 2.0, 'Lec', 'No', 'Major', 32, 9, '3', 'ELECTIVE COURSE 1 (FUNDAMENTALS OF NETWORKING', 0),
(377, 'CS 139', 'ELECTIVE COURSE 1 (FUNDAMENTALS OF NETWORKING LAB', 1, 3.0, 'Lab', 'No', 'Major', 32, 9, '3', 'ELECTIVE COURSE 1 (FUNDAMENTALS OF NETWORKING', 1),
(378, 'CPE 141', 'FUNDAMENTALS OF MIXED SIGNALS AND SENSORS', 3, 3.0, 'Lec', 'No', 'Major', 32, 9, '3', 'FUNDAMENTALS OF MIXED SIGNALS AND SENSORS', 0),
(379, 'CPE 141', 'FUNDAMENTALS OF MIXED SIGNALS AND SENSORS LAB', 1, 3.0, 'Lab', 'No', 'Major', 32, 9, '3', 'FUNDAMENTALS OF MIXED SIGNALS AND SENSORS', 1),
(380, 'CPE 143', 'OPERATING SYSTEMS', 3, 3.0, 'Lec', 'No', 'Major', 32, 9, '3', 'OPERATING SYSTEMS', 0),
(381, 'CPE 145', 'FUNDAMENTALS OF INDUSTRIAL ELECTRONICS', 2, 2.0, 'Lec', 'No', 'Major', 32, 9, '3', 'FUNDAMENTALS OF INDUSTRIAL ELECTRONICS', 0),
(382, 'CPE 145', 'FUNDAMENTALS OF INDUSTRIAL ELECTRONICS', 2, 2.0, 'Lec', 'No', 'Major', 32, 9, '3', 'FUNDAMENTALS OF INDUSTRIAL ELECTRONICS', 0),
(383, 'CPE 145', 'FUNDAMENTALS OF INDUSTRIAL ELECTRONICS LAB', 1, 3.0, 'Lab', 'No', 'Major', 32, 9, '3', 'FUNDAMENTALS OF INDUSTRIAL ELECTRONICS', 1),
(384, 'CPE 151', 'CPE LAWS AND PROFESSIONALS PRACTICE', 2, 2.0, 'Lec', 'No', 'Major', 32, 9, '4', 'CPE LAWS AND PROFESSIONALS PRACTICE', 0),
(385, 'CPE 153', 'ON THE JOB TRAINING', 3, 3.0, 'Lec', 'No', 'Major', 32, 9, '4', 'ON THE JOB TRAINING', 0),
(387, 'CPE 155', 'CPE PRACTICE AND DESIGN 2 LAB', 1, 3.0, 'Lab', 'No', 'Major', 32, 9, '4', 'CPE PRACTICE AND DESIGN 2', 1),
(388, 'CPE 157', 'COMPUTER NETWORKS AND SECURITY', 2, 2.0, 'Lec', 'No', 'Major', 32, 9, '4', 'COMPUTER NETWORKS AND SECURITY', 0),
(389, 'CPE 157', 'COMPUTER NETWORKS AND SECURITY', 2, 2.0, 'Lec', 'No', 'Major', 32, 9, '4', 'COMPUTER NETWORKS AND SECURITY', 0),
(390, 'CPE 157', 'COMPUTER NETWORKS AND SECURITY LAB', 1, 3.0, 'Lab', 'No', 'Major', 32, 9, '4', 'COMPUTER NETWORKS AND SECURITY', 1),
(391, 'CPE 159', 'ELECTIVE 3 (MANAGEMENT INFORMATION)', 2, 2.0, 'Lec', 'No', 'Major', 32, 9, '4', 'ELECTIVE 3 (MANAGEMENT INFORMATION)', 0),
(392, 'CPE 159', 'ELECTIVE 3 (MANAGEMENT INFORMATION) LAB', 1, 3.0, 'Lab', 'No', 'Major', 32, 9, '4', 'ELECTIVE 3 (MANAGEMENT INFORMATION)', 1),
(393, 'CS 159', 'ELECTIVE 3 ( LAN SWITCHING AND WIRELESS)', 2, 2.0, 'Lec', 'No', 'Major', 32, 9, '4', 'ELECTIVE 3 ( LAN SWITCHING AND WIRELESS)', 0),
(394, 'CS 159', 'ELECTIVE 3 ( LAN SWITCHING AND WIRELESS) LAB', 1, 3.0, 'Lab', 'No', 'Major', 32, 9, '4', 'ELECTIVE 3 ( LAN SWITCHING AND WIRELESS)', 1);

-- --------------------------------------------------------

--
-- Table structure for table `subjectschedule`
--

CREATE TABLE `subjectschedule` (
  `id` int(11) NOT NULL,
  `subjectid` int(11) DEFAULT NULL,
  `calendarid` int(11) DEFAULT NULL,
  `yearlvl` varchar(255) NOT NULL,
  `section` varchar(255) DEFAULT NULL,
  `timestart` varchar(255) DEFAULT NULL,
  `timeend` varchar(255) DEFAULT NULL,
  `day` varchar(255) DEFAULT NULL,
  `roomname` int(11) DEFAULT NULL,
  `departmentid` int(11) DEFAULT NULL,
  `facultylname` varchar(255) DEFAULT NULL,
  `facultyfname` varchar(255) DEFAULT NULL,
  `facultyid` varchar(255) DEFAULT NULL,
  `roomid` int(11) DEFAULT NULL
) ENGINE=InnoDB DEFAULT CHARSET=utf8mb4 COLLATE=utf8mb4_general_ci;

--
-- Dumping data for table `subjectschedule`
--

INSERT INTO `subjectschedule` (`id`, `subjectid`, `calendarid`, `yearlvl`, `section`, `timestart`, `timeend`, `day`, `roomname`, `departmentid`, `facultylname`, `facultyfname`, `facultyid`, `roomid`) VALUES
(14671, 58, 19, '1', 'A', '10:00', '12:00', 'W', NULL, 1, 'Felix', 'Lucy', '4', 5),
(14672, 59, 19, '1', 'A', '10:00', '13:00', 'M', NULL, 1, 'Roxas', 'Marjorie', '6', 5),
(14673, 60, 19, '1', 'A', '11:30', '13:00', 'MTh', NULL, 1, 'Lazaro', 'Ceed', '7', 1),
(14674, 61, 19, '1', 'A', '13:00', '16:00', 'W', NULL, 1, 'gadmar', 'gadmar', '25', 2),
(14675, 62, 19, '1', 'A', NULL, NULL, NULL, NULL, 1, NULL, NULL, NULL, NULL),
(14676, 63, 19, '1', 'A', NULL, NULL, NULL, NULL, 1, NULL, NULL, NULL, NULL),
(14677, 64, 19, '1', 'A', NULL, NULL, NULL, NULL, 1, NULL, NULL, NULL, NULL),
(14678, 65, 19, '1', 'A', NULL, NULL, NULL, NULL, 1, NULL, NULL, NULL, NULL),
(14679, 66, 19, '1', 'A', NULL, NULL, NULL, NULL, 1, NULL, NULL, NULL, NULL),
(14680, 67, 19, '1', 'A', NULL, NULL, NULL, NULL, 1, NULL, NULL, NULL, NULL),
(14681, 68, 19, '1', 'A', NULL, NULL, NULL, NULL, 1, NULL, NULL, NULL, NULL),
(14686, 58, 19, '1', 'B', '10:00', '12:00', 'Th', NULL, 1, 'Flores', 'Mark', '14', 5),
(14687, 59, 19, '1', 'B', '15:30', '18:30', 'S', NULL, 1, 'gadmar', 'gadmar', '25', 1),
(14688, 60, 19, '1', 'B', '08:30', '10:00', 'MTh', NULL, 1, 'Lines', 'Marvicdss', '3', 1),
(14689, 61, 19, '1', 'B', '10:00', '13:00', 'F', NULL, 1, 'Roxas', 'Marjorie', '6', 2),
(14690, 62, 19, '1', 'B', NULL, NULL, NULL, NULL, 1, NULL, NULL, NULL, NULL),
(14691, 63, 19, '1', 'B', NULL, NULL, NULL, NULL, 1, NULL, NULL, NULL, NULL),
(14692, 64, 19, '1', 'B', NULL, NULL, NULL, NULL, 1, NULL, NULL, NULL, NULL),
(14693, 65, 19, '1', 'B', NULL, NULL, NULL, NULL, 1, NULL, NULL, NULL, NULL),
(14694, 66, 19, '1', 'B', NULL, NULL, NULL, NULL, 1, NULL, NULL, NULL, NULL),
(14695, 67, 19, '1', 'B', NULL, NULL, NULL, NULL, 1, NULL, NULL, NULL, NULL),
(14696, 68, 19, '1', 'B', NULL, NULL, NULL, NULL, 1, NULL, NULL, NULL, NULL),
(14701, 69, 19, '2', 'A', '16:00', '17:30', 'MTh', NULL, 1, 'Lazaro', 'Ceed', '7', 1),
(14702, 70, 19, '2', 'A', '16:00', '19:00', 'T', NULL, 1, 'Lazaro', 'Ceed', '7', 2),
(14703, 71, 19, '2', 'A', '17:30', '19:00', 'MTh', NULL, 1, 'Kanman', 'Kanman', '15', 1),
(14704, 72, 19, '2', 'A', '08:30', '10:00', 'TF', NULL, 1, 'Flores', 'Mark', '14', 1),
(14705, 73, 19, '2', 'A', '08:30', '11:30', 'W', NULL, 1, 'Lines', 'Marvicdss', '3', 4),
(14706, 75, 19, '2', 'A', '10:00', '13:00', 'W', NULL, 1, 'Roxas', 'Marjorie', '6', 2),
(14707, 76, 19, '2', 'A', '13:00', '14:30', 'MTh', NULL, 1, 'Lazaro', 'Ceed', '7', 1),
(14708, 77, 19, '2', 'A', '12:30', '15:30', 'S', NULL, 1, 'gadmar', 'gadmar', '25', 3),
(14709, 78, 19, '2', 'A', NULL, NULL, NULL, NULL, 1, NULL, NULL, NULL, NULL),
(14710, 79, 19, '2', 'A', NULL, NULL, NULL, NULL, 1, NULL, NULL, NULL, NULL),
(14711, 116, 19, '2', 'A', NULL, NULL, NULL, NULL, 1, NULL, NULL, NULL, NULL),
(14716, 69, 19, '2', 'B', '13:00', '14:30', 'TF', NULL, 1, 'Kanman', 'Kanman', '15', 1),
(14717, 70, 19, '2', 'B', '16:00', '19:00', 'W', NULL, 1, 'Lazaro', 'Ceed', '7', 2),
(14718, 71, 19, '2', 'B', '10:00', '11:30', 'MTh', NULL, 1, 'Lines', 'Marvicdss', '3', 1),
(14719, 72, 19, '2', 'B', '10:00', '11:30', 'TF', NULL, 1, 'Flores', 'Mark', '14', 1),
(14720, 73, 19, '2', 'B', '08:30', '11:30', 'S', NULL, 1, 'Lines', 'Marvicdss', '3', 2),
(14721, 75, 19, '2', 'B', '10:00', '13:00', 'T', NULL, 1, 'Roxas', 'Marjorie', '6', 2),
(14722, 76, 19, '2', 'B', '08:30', '10:00', 'WS', NULL, 1, 'Odon', 'Odon', '12', 1),
(14723, 77, 19, '2', 'B', '12:00', '15:00', 'T', NULL, 1, 'gadmar', 'gadmar', '25', 5),
(14724, 78, 19, '2', 'B', NULL, NULL, NULL, NULL, 1, NULL, NULL, NULL, NULL),
(14725, 79, 19, '2', 'B', NULL, NULL, NULL, NULL, 1, NULL, NULL, NULL, NULL),
(14726, 116, 19, '2', 'B', NULL, NULL, NULL, NULL, 1, NULL, NULL, NULL, NULL),
(14731, 80, 19, '3', 'A', '10:00', '11:30', 'WS', NULL, 1, 'Odon', 'Odon', '12', 1),
(14732, 81, 19, '3', 'A', '15:00', '17:00', 'T', NULL, 1, 'Flores', 'Mark', '14', 5),
(14733, 82, 19, '3', 'A', '14:30', '16:00', 'TF', NULL, 1, 'Kanman', 'Kanman', '15', 1),
(14734, 83, 19, '3', 'A', '16:00', '19:00', 'F', NULL, 1, 'Ballaho', 'Jaydee', '8', 2),
(14735, 84, 19, '3', 'A', '12:00', '14:00', 'S', NULL, 1, 'Tahil', 'Salimar', '11', 5),
(14736, 85, 19, '3', 'A', '08:30', '11:30', 'T', NULL, 1, 'Lines', 'Marvicdss', '3', 4),
(14737, 86, 19, '3', 'A', '14:30', '16:00', 'MTh', NULL, 1, 'JAAFAR', 'JAAFAR', '26', 1),
(14738, 87, 19, '3', 'A', '11:30', '14:30', 'M', NULL, 1, 'Ballaho', 'Jaydee', '8', 2),
(14739, 88, 19, '3', 'A', '16:00', '18:00', 'W', NULL, 1, 'Tahil', 'Salimar', '11', 5),
(14740, 89, 19, '3', 'A', '15:30', '18:30', 'T', NULL, 1, 'Ballaho', 'Jaydee', '8', 4),
(14741, 90, 19, '3', 'A', '16:00', '18:00', 'Th', NULL, 1, 'Arip', 'Jhon Paul', '31', 5),
(14742, 91, 19, '3', 'A', '14:30', '17:30', 'W', NULL, 1, 'Felix', 'Lucy', '4', 1),
(14746, 80, 19, '3', 'B', '13:00', '14:30', 'WS', NULL, 1, 'Odon', 'Odon', '12', 1),
(14747, 81, 19, '3', 'B', '12:00', '14:00', 'W', NULL, 1, 'Flores', 'Mark', '14', 5),
(14748, 82, 19, '3', 'B', '07:00', '08:30', 'TF', NULL, 1, 'Felix', 'Lucy', '4', 1),
(14749, 83, 19, '3', 'B', '11:30', '14:30', 'W', NULL, 1, 'Ballaho', 'Jaydee', '8', 4),
(14750, 84, 19, '3', 'B', '14:00', '16:00', 'W', NULL, 1, 'Tahil', 'Salimar', '11', 5),
(14751, 85, 19, '3', 'B', '13:00', '16:00', 'F', NULL, 1, 'Lines', 'Marvicdss', '3', 2),
(14752, 86, 19, '3', 'B', '11:30', '13:00', 'TF', NULL, 1, 'JAAFAR', 'JAAFAR', '26', 1),
(14753, 87, 19, '3', 'B', '16:00', '19:00', 'Th', NULL, 1, 'Ballaho', 'Jaydee', '8', 2),
(14754, 88, 19, '3', 'B', '10:00', '12:00', 'S', NULL, 1, 'Tahil', 'Salimar', '11', 5),
(14755, 89, 19, '3', 'B', '14:30', '17:30', 'M', NULL, 1, 'Ballaho', 'Jaydee', '8', 5),
(14756, 90, 19, '3', 'B', '07:00', '09:00', 'F', NULL, 1, 'Arip', 'Jhon Paul', '31', 5),
(14757, 91, 19, '3', 'B', '13:00', '16:00', 'Th', NULL, 1, 'Felix', 'Lucy', '4', 3),
(14761, 92, 19, '4', 'A', NULL, NULL, NULL, NULL, 1, NULL, NULL, NULL, NULL),
(14762, 93, 19, '4', 'A', NULL, NULL, NULL, NULL, 1, NULL, NULL, NULL, NULL),
(14764, 92, 19, '4', 'B', NULL, NULL, NULL, NULL, 1, NULL, NULL, NULL, NULL),
(14765, 93, 19, '4', 'B', NULL, NULL, NULL, NULL, 1, NULL, NULL, NULL, NULL),
(14767, 207, 19, '3', 'A', '17:30', '19:00', 'TF', NULL, 2, 'Kanman', 'Kanman', '15', 1),
(14768, 208, 19, '3', 'A', '13:00', '16:00', 'T', NULL, 2, 'Felix', 'Lucy', '4', 2),
(14769, 209, 19, '3', 'A', '17:00', '19:00', 'T', NULL, 2, 'lorenzo', 'jez', '37', 5),
(14770, 210, 19, '3', 'A', '10:00', '13:00', 'Th', NULL, 2, 'lorenzo', 'jez', '37', 2),
(14771, 211, 19, '3', 'A', '14:00', '16:00', 'Th', NULL, 2, 'Arip', 'Jhon Paul', '31', 5),
(14772, 212, 19, '3', 'A', '07:00', '10:00', 'M', NULL, 2, 'Arip', 'Jhon Paul', '31', 5),
(14773, 213, 19, '3', 'A', '07:00', '08:30', 'MTh', NULL, 2, 'escorial ', 'escorial j', '35', 1),
(14774, 214, 19, '3', 'A', '08:30', '11:30', 'M', NULL, 2, 'escorial ', 'escorial j', '35', 2),
(14775, 215, 19, '3', 'A', '12:00', '14:00', 'Th', NULL, 2, 'escorial ', 'escorial j', '35', 5),
(14776, 216, 19, '3', 'A', '07:00', '10:00', 'W', NULL, 2, 'escorial ', 'escorial j', '35', 5),
(14777, 217, 19, '3', 'A', '09:00', '11:00', 'F', NULL, 2, 'Arip', 'Jhon Paul', '31', 5),
(14778, 218, 19, '3', 'A', '08:30', '11:30', 'T', NULL, 2, 'Felix', 'Lucy', '4', 5),
(14782, 219, 19, '4', 'A', NULL, NULL, NULL, NULL, 2, 'escorial ', 'escorial j', '35', NULL),
(14783, 220, 19, '4', 'A', '15:00', '17:00', 'F', NULL, 2, 'SAAVEDRA', 'SAAVEDRA', '38', 5),
(14784, 221, 19, '4', 'A', '07:00', '10:00', 'Th', NULL, 2, 'Flores', 'Mark', '14', 2),
(14785, 244, 19, '4', 'A', '08:00', '10:00', 'Th', NULL, 2, 'ZABALA', 'ZABALA', '40', 5),
(14786, 245, 19, '4', 'A', '13:00', '16:00', 'Th', NULL, 2, 'ZABALA', 'ZABALA', '40', 2),
(14789, 219, 19, '4', 'B', NULL, NULL, NULL, NULL, 2, 'escorial ', 'escorial j', '35', NULL),
(14790, 220, 19, '4', 'B', '13:00', '15:00', 'F', NULL, 2, 'SAAVEDRA', 'SAAVEDRA', '38', 5),
(14791, 221, 19, '4', 'B', '07:00', '10:00', 'W', NULL, 2, 'Flores', 'Mark', '14', 2),
(14792, 244, 19, '4', 'B', '10:00', '12:00', 'W', NULL, 2, 'ZABALA', 'ZABALA', '40', 12),
(14793, 245, 19, '4', 'B', '13:00', '16:00', 'F', NULL, 2, 'ZABALA', 'ZABALA', '40', 4),
(15456, 339, 32, '1', 'A', NULL, NULL, NULL, NULL, 9, NULL, NULL, NULL, NULL),
(15457, 340, 32, '1', 'A', '07:00', '08:30', 'MTh', NULL, 9, '', 'Ferdinand', '60', 19),
(15458, 341, 32, '1', 'A', '12:00', '15:00', 'W', NULL, 9, '', 'Ferdinand', '60', 20),
(15459, 342, 32, '1', 'A', '16:30', '18:30', 'S', NULL, 9, '', 'lemuel', '64', 19),
(15460, 344, 32, '1', 'A', '15:30', '18:30', 'M', NULL, 9, '', 'monira', '61', 20),
(15461, 346, 32, '1', 'A', '16:00', '19:00', 'W', NULL, 9, '', 'lemuel', '64', 21),
(15462, 348, 32, '1', 'A', NULL, NULL, NULL, NULL, 9, 'Faculty', 'New', '0', NULL),
(15463, 349, 32, '1', 'A', NULL, NULL, NULL, NULL, 9, NULL, NULL, NULL, NULL),
(15464, 350, 32, '1', 'A', NULL, NULL, NULL, NULL, 9, 'Faculty', 'New', '0', NULL),
(15465, 351, 32, '1', 'A', NULL, NULL, NULL, NULL, 9, NULL, NULL, NULL, NULL),
(15466, 352, 32, '1', 'A', NULL, NULL, NULL, NULL, 9, NULL, NULL, NULL, NULL),
(15467, 366, 32, '1', 'A', NULL, NULL, NULL, NULL, 9, NULL, NULL, NULL, NULL),
(15468, 367, 32, '1', 'A', NULL, NULL, NULL, NULL, 9, NULL, NULL, NULL, NULL),
(15471, 339, 32, '1', 'B', NULL, NULL, NULL, NULL, 9, NULL, NULL, NULL, NULL),
(15472, 340, 32, '1', 'B', '08:30', '10:00', 'MTh', NULL, 9, '', 'Ferdinand', '60', 19),
(15473, 341, 32, '1', 'B', '15:00', '18:00', 'W', NULL, 9, '', 'Ferdinand', '60', 20),
(15474, 342, 32, '1', 'B', '14:30', '16:30', 'S', NULL, 9, '', 'Heidee', '59', 19),
(15475, 344, 32, '1', 'B', '12:30', '15:30', 'T', NULL, 9, '', 'monira', '61', 22),
(15476, 346, 32, '1', 'B', '10:00', '13:00', 'F', NULL, 9, '', 'monira', '61', 22),
(15477, 348, 32, '1', 'B', '13:00', '16:00', 'W', NULL, 9, '', 'darcy', '66', 21),
(15478, 349, 32, '1', 'B', NULL, NULL, NULL, NULL, 9, NULL, NULL, NULL, NULL),
(15479, 350, 32, '1', 'B', NULL, NULL, NULL, NULL, 9, 'Faculty', 'New', '0', NULL),
(15480, 351, 32, '1', 'B', NULL, NULL, NULL, NULL, 9, NULL, NULL, NULL, NULL),
(15481, 352, 32, '1', 'B', NULL, NULL, NULL, NULL, 9, NULL, NULL, NULL, NULL),
(15482, 366, 32, '1', 'B', NULL, NULL, NULL, NULL, 9, NULL, NULL, NULL, NULL),
(15483, 367, 32, '1', 'B', NULL, NULL, NULL, NULL, 9, NULL, NULL, NULL, NULL),
(15486, 353, 32, '2', 'A', NULL, NULL, NULL, NULL, 9, NULL, NULL, NULL, NULL),
(15487, 355, 32, '2', 'A', NULL, NULL, NULL, NULL, 9, 'Faculty', 'New', '0', NULL),
(15488, 357, 32, '2', 'A', '12:00', '15:00', 'T', NULL, 9, '', 'cpehead', '58', 20),
(15489, 360, 32, '2', 'A', '13:00', '14:30', 'MTh', NULL, 9, '', 'Heidee', '59', 19),
(15490, 361, 32, '2', 'A', '10:00', '13:00', 'Th', NULL, 9, '', 'lemuel', '64', 20),
(15491, 362, 32, '2', 'A', '14:30', '16:00', 'MTh', NULL, 9, '', 'nadine', '63', 19),
(15492, 363, 32, '2', 'A', '10:00', '12:00', 'M', NULL, 9, '', 'lemuel', '64', 21),
(15493, 364, 32, '2', 'A', '17:30', '19:00', 'MTh', NULL, 9, '', 'darcy', '66', 19),
(15494, 365, 32, '2', 'A', NULL, NULL, NULL, NULL, 9, NULL, NULL, NULL, NULL),
(15501, 353, 32, '2', 'B', NULL, NULL, NULL, NULL, 9, NULL, NULL, NULL, NULL),
(15502, 355, 32, '2', 'B', NULL, NULL, NULL, NULL, 9, 'Faculty', 'New', '0', NULL),
(15503, 357, 32, '2', 'B', '07:00', '10:00', 'W', NULL, 9, '', 'cpehead', '58', 20),
(15504, 360, 32, '2', 'B', '16:00', '17:30', 'MTh', NULL, 9, '', 'Heidee', '59', 19),
(15505, 361, 32, '2', 'B', '15:00', '18:00', 'T', NULL, 9, '', 'Heidee', '59', 20),
(15506, 362, 32, '2', 'B', '10:00', '11:30', 'MTh', NULL, 9, '', 'nadine', '63', 19),
(15507, 363, 32, '2', 'B', '07:00', '09:00', 'S', NULL, 9, '', 'nadine', '63', 19),
(15508, 364, 32, '2', 'B', '11:30', '13:00', 'MTh', NULL, 9, '', 'nadine', '63', 19),
(15509, 365, 32, '2', 'B', NULL, NULL, NULL, NULL, 9, NULL, NULL, NULL, NULL),
(15516, 368, 32, '3', 'A', '14:30', '16:00', 'TF', NULL, 9, '', 'lemuel', '64', 19),
(15517, 369, 32, '3', 'A', NULL, NULL, NULL, NULL, 9, 'Faculty', 'New', '0', NULL),
(15518, 371, 32, '3', 'A', '09:00', '12:00', 'M', NULL, 9, '', 'arvin', '62', 22),
(15519, 372, 32, '3', 'A', '10:00', '11:30', 'TF', NULL, 9, '', 'arvin', '62', 19),
(15520, 373, 32, '3', 'A', '07:00', '10:00', 'M', NULL, 9, '', 'nadine', '63', 20),
(15521, 375, 32, '3', 'A', '10:00', '13:00', 'W', NULL, 9, '', 'gajil', '65', 21),
(15522, 376, 32, '3', 'A', '17:00', '19:00', 'W', NULL, 9, '', 'darcy', '66', 19),
(15523, 377, 32, '3', 'A', '13:00', '16:00', 'S', NULL, 9, '', 'darcy', '66', 20),
(15524, 378, 32, '3', 'A', NULL, NULL, NULL, NULL, 9, 'Faculty', 'New', '0', NULL),
(15525, 379, 32, '3', 'A', NULL, NULL, NULL, NULL, 9, 'Faculty', 'New', '0', NULL),
(15526, 380, 32, '3', 'A', '08:30', '10:00', 'TF', NULL, 9, '', 'arvin', '62', 19),
(15527, 381, 32, '3', 'A', '11:00', '13:00', 'T', NULL, 9, '', 'gajil', '65', 21),
(15528, 382, 32, '3', 'A', '10:00', '12:00', 'S', NULL, 9, '', 'gajil', '65', 21),
(15529, 383, 32, '3', 'A', '13:00', '16:00', 'F', NULL, 9, '', 'Heidee', '59', 20),
(15531, 368, 32, '3', 'B', '17:30', '19:00', 'TF', NULL, 9, '', 'lemuel', '64', 19),
(15532, 369, 32, '3', 'B', '07:00', '10:00', 'M', NULL, 9, '', 'lemuel', '64', 21),
(15533, 371, 32, '3', 'B', NULL, NULL, NULL, NULL, 9, 'Faculty', 'New', '0', NULL),
(15534, 372, 32, '3', 'B', NULL, NULL, NULL, NULL, 9, 'Faculty', 'New', '0', NULL),
(15535, 373, 32, '3', 'B', '08:30', '11:30', 'Th', NULL, 9, '', 'arvin', '62', 22),
(15536, 375, 32, '3', 'B', '08:00', '11:00', 'T', NULL, 9, '', 'gajil', '65', 21),
(15537, 376, 32, '3', 'B', '15:00', '17:00', 'W', NULL, 9, '', 'Heidee', '59', 19),
(15538, 377, 32, '3', 'B', '09:00', '12:00', 'T', NULL, 9, '', 'monira', '61', 20),
(15539, 378, 32, '3', 'B', '13:00', '14:30', 'TF', NULL, 9, '', 'lemuel', '64', 19),
(15540, 379, 32, '3', 'B', '13:00', '16:00', 'M', NULL, 9, '', 'darcy', '66', 21),
(15541, 380, 32, '3', 'B', NULL, NULL, NULL, NULL, 9, 'Faculty', 'New', '0', NULL),
(15542, 381, 32, '3', 'B', '13:00', '15:00', 'M', NULL, 9, '', 'arvin', '62', 20),
(15543, 382, 32, '3', 'B', '10:00', '12:00', 'W', NULL, 9, '', 'arvin', '62', 20),
(15544, 383, 32, '3', 'B', '16:00', '19:00', 'S', NULL, 9, '', 'gajil', '65', 20),
(15546, 384, 32, '4', 'A', '13:00', '15:00', 'W', NULL, 9, '', 'lemuel', '64', 22),
(15547, 385, 32, '4', 'A', '07:00', '08:30', 'TF', NULL, 9, '', 'monira', '61', 19),
(15548, 387, 32, '4', 'A', '13:00', '16:00', 'Th', NULL, 9, '', 'darcy', '66', 20),
(15549, 388, 32, '4', 'A', '08:30', '10:30', 'W', NULL, 9, '', 'nadine', '63', 22),
(15550, 389, 32, '4', 'A', NULL, NULL, NULL, NULL, 9, 'Faculty', 'New', '0', NULL),
(15551, 390, 32, '4', 'A', '10:00', '13:00', 'M', NULL, 9, '', 'cpehead', '58', 20),
(15552, 391, 32, '4', 'A', '07:00', '09:00', 'W', NULL, 9, '', 'arvin', '62', 19),
(15553, 392, 32, '4', 'A', '08:00', '11:00', 'F', NULL, 9, '', 'gajil', '65', 20),
(15554, 393, 32, '4', 'A', '13:00', '15:00', 'W', NULL, 9, '', 'Heidee', '59', 19),
(15555, 394, 32, '4', 'A', '10:00', '13:00', 'Th', NULL, 9, '', 'monira', '61', 21),
(15561, 384, 32, '4', 'B', '13:00', '15:00', 'S', NULL, 9, '', 'lemuel', '64', 21),
(15562, 385, 32, '4', 'B', NULL, NULL, NULL, NULL, 9, 'Faculty', 'New', '0', NULL),
(15563, 387, 32, '4', 'B', NULL, NULL, NULL, NULL, 9, 'Faculty', 'New', '0', NULL),
(15564, 388, 32, '4', 'B', '10:00', '12:00', 'W', NULL, 9, '', 'cpehead', '58', 19),
(15565, 389, 32, '4', 'B', '12:30', '14:30', 'S', NULL, 9, '', 'Ferdinand', '60', 19),
(15566, 390, 32, '4', 'B', '09:30', '12:30', 'S', NULL, 9, '', 'Ferdinand', '60', 20),
(15567, 391, 32, '4', 'B', '11:00', '13:00', 'F', NULL, 9, '', 'gajil', '65', 20),
(15568, 392, 32, '4', 'B', '07:00', '10:00', 'Th', NULL, 9, '', 'lemuel', '64', 20),
(15569, 393, 32, '4', 'B', '09:00', '11:00', 'S', NULL, 9, '', 'nadine', '63', 19),
(15570, 394, 32, '4', 'B', NULL, NULL, NULL, NULL, 9, 'Faculty', 'New', '0', NULL),
(18914, 132, 25, '1', 'A', '11:30', '13:00', 'MTh', NULL, 1, 'lorenzo', 'jen', '36', 5),
(18915, 133, 25, '1', 'A', '10:00', '13:00', 'M', NULL, 1, 'Kanman', 'Kanman', '15', 4),
(18916, 134, 25, '1', 'A', '13:00', '14:30', 'MTh', NULL, 1, 'Lines', 'Marvicdss', '3', 1),
(18917, 135, 25, '1', 'A', NULL, NULL, NULL, NULL, 1, NULL, NULL, NULL, NULL),
(18918, 136, 25, '1', 'A', NULL, NULL, NULL, NULL, 1, NULL, NULL, NULL, NULL),
(18919, 137, 25, '1', 'A', NULL, NULL, NULL, NULL, 1, NULL, NULL, NULL, NULL),
(18920, 138, 25, '1', 'A', NULL, NULL, NULL, NULL, 1, NULL, NULL, NULL, NULL),
(18921, 139, 25, '1', 'A', NULL, NULL, NULL, NULL, 1, NULL, NULL, NULL, NULL),
(18922, 140, 25, '1', 'A', NULL, NULL, NULL, NULL, 1, NULL, NULL, NULL, NULL),
(18923, 141, 25, '1', 'A', '11:00', '13:00', 'T', NULL, 1, 'lorenzo', 'jen', '36', 14),
(18924, 204, 25, '1', 'A', '16:00', '18:00', 'F', NULL, 1, 'edios', 'edios', '29', 3),
(18925, 205, 25, '1', 'A', '13:00', '16:00', 'T', NULL, 1, 'lorenzo', 'jez', '37', 12),
(18929, 143, 25, '2', 'A', '16:30', '18:30', 'M', NULL, 1, 'BANQUERIGO', 'BANQUERIGO', '23', 14),
(18930, 144, 25, '2', 'A', '12:00', '15:00', 'W', NULL, 1, 'gadmar', 'gadmar', '25', 3),
(18931, 145, 25, '2', 'A', '15:00', '17:00', 'S', NULL, 1, 'JAAFAR', 'JAAFAR', '26', 3),
(18932, 146, 25, '2', 'A', '07:00', '10:00', 'T', NULL, 1, 'Arip', 'Jhon Paul', '31', 12),
(18933, 147, 25, '2', 'A', '13:00', '15:00', 'F', NULL, 1, 'edios', 'edios', '29', 14),
(18934, 148, 25, '2', 'A', '16:00', '19:00', 'W', NULL, 1, 'Lazaro', 'Ceed', '7', 2),
(18935, 149, 25, '2', 'A', '09:00', '11:00', 'T', NULL, 1, 'JAAFAR', 'JAAFAR', '26', 14),
(18936, 150, 25, '2', 'A', '10:00', '13:00', 'M', NULL, 1, 'JAAFAR', 'JAAFAR', '26', 12),
(18937, 151, 25, '2', 'A', '11:30', '13:00', 'MTh', NULL, 1, 'Lazaro', 'Ceed', '7', 1),
(18938, 152, 25, '2', 'A', '10:00', '12:00', 'W', NULL, 1, 'Arip', 'Edwin', '10', 5),
(18939, 153, 25, '2', 'A', '07:00', '10:00', 'Th', NULL, 1, 'Flores', 'Mark', '14', 2),
(18940, 154, 25, '2', 'A', NULL, NULL, NULL, NULL, 1, NULL, NULL, NULL, NULL),
(18944, 143, 25, '2', 'B', '15:00', '17:00', 'T', NULL, 1, 'lorenzo', 'jen', '36', 14),
(18945, 144, 25, '2', 'B', '08:30', '11:30', 'T', NULL, 1, 'Odon', 'Odon', '12', 5),
(18946, 145, 25, '2', 'B', '17:00', '19:00', 'F', NULL, 1, 'Balan', 'Balan', '22', 14),
(18947, 146, 25, '2', 'B', '07:00', '10:00', 'F', NULL, 1, 'Balan', 'Balan', '22', 12),
(18948, 147, 25, '2', 'B', '17:00', '19:00', 'S', NULL, 1, 'edios', 'edios', '29', 3),
(18949, 148, 25, '2', 'B', '13:00', '16:00', 'W', NULL, 1, 'Felix', 'Lucy', '4', 2),
(18950, 149, 25, '2', 'B', '12:00', '14:00', 'F', NULL, 1, 'Ballaho', 'Jaydee', '8', 3),
(18951, 150, 25, '2', 'B', '14:30', '17:30', 'F', NULL, 1, 'Lazaro', 'Ceed', '7', 5),
(18952, 151, 25, '2', 'B', '08:30', '10:00', 'MTh', NULL, 1, 'Lines', 'Marvicdss', '3', 1),
(18953, 152, 25, '2', 'B', '13:00', '15:00', 'S', NULL, 1, 'Arip', 'Edwin', '10', 12),
(18954, 153, 25, '2', 'B', '08:30', '11:30', 'T', NULL, 1, 'Arip', 'Edwin', '10', 2),
(18955, 154, 25, '2', 'B', NULL, NULL, NULL, NULL, 1, NULL, NULL, NULL, NULL),
(18959, 143, 25, '2', 'C', '10:00', '12:00', 'F', NULL, 1, 'lorenzo', 'jen', '36', 14),
(18960, 144, 25, '2', 'C', '14:30', '17:30', 'T', NULL, 1, 'gadmar', 'gadmar', '25', 5),
(18961, 145, 25, '2', 'C', '09:00', '11:00', 'Th', NULL, 1, 'Balan', 'Balan', '22', 14),
(18962, 146, 25, '2', 'C', '13:00', '16:00', 'W', NULL, 1, 'TIMPANGCO', 'TIMPANGCO', '39', 12),
(18963, 147, 25, '2', 'C', '13:00', '15:00', 'T', NULL, 1, 'edios', 'edios', '29', 14),
(18964, 148, 25, '2', 'C', '13:00', '16:00', 'M', NULL, 1, 'edios', 'edios', '29', 4),
(18965, 149, 25, '2', 'C', '14:00', '16:00', 'F', NULL, 1, 'Ballaho', 'Jaydee', '8', 3),
(18966, 150, 25, '2', 'C', '13:30', '16:30', 'S', NULL, 1, 'Lazaro', 'Ceed', '7', 5),
(18967, 151, 25, '2', 'C', '14:30', '16:00', 'MTh', NULL, 1, 'Lazaro', 'Ceed', '7', 1),
(18968, 152, 25, '2', 'C', '15:00', '17:00', 'W', NULL, 1, 'Flores', 'Mark', '14', 3),
(18969, 153, 25, '2', 'C', '07:00', '10:00', 'W', NULL, 1, 'Arip', 'Edwin', '10', 2),
(18970, 154, 25, '2', 'C', NULL, NULL, NULL, NULL, 1, NULL, NULL, NULL, NULL),
(18974, 80, 25, '3', 'A', '13:00', '14:30', 'WS', NULL, 1, 'Kanman', 'Kanman', '15', 1),
(18975, 81, 25, '3', 'A', '12:00', '14:00', 'Th', NULL, 1, 'Flores', 'Mark', '14', 3),
(18976, 82, 25, '3', 'A', '07:00', '08:30', 'WS', NULL, 1, 'catadman', 'catadman', '33', 1),
(18977, 83, 25, '3', 'A', '14:30', '17:30', 'S', NULL, 1, 'catadman', 'catadman', '33', 2),
(18978, 84, 25, '3', 'A', '07:00', '09:00', 'S', NULL, 1, 'JAAFAR', 'JAAFAR', '26', 3),
(18979, 85, 25, '3', 'A', '08:30', '11:30', 'F', NULL, 1, 'Lines', 'Marvicdss', '3', 2),
(18980, 86, 25, '3', 'A', '10:00', '11:30', 'WS', NULL, 1, 'Ballaho', 'Jaydee', '8', 1),
(18981, 87, 25, '3', 'A', '16:00', '19:00', 'M', NULL, 1, 'Ballaho', 'Jaydee', '8', 2),
(18982, 88, 25, '3', 'A', '17:00', '19:00', 'W', NULL, 1, 'edios', 'edios', '29', 14),
(18983, 89, 25, '3', 'A', '16:00', '19:00', 'T', NULL, 1, 'edios', 'edios', '29', 12),
(18984, 90, 25, '3', 'A', '11:00', '13:00', 'S', NULL, 1, 'BANQUERIGO', 'BANQUERIGO', '23', 14),
(18985, 91, 25, '3', 'A', '10:00', '13:00', 'M', NULL, 1, 'BANQUERIGO', 'BANQUERIGO', '23', 3),
(18989, 80, 25, '3', 'B', '08:30', '10:00', 'WS', NULL, 1, 'Odon', 'Odon', '12', 1),
(18990, 81, 25, '3', 'B', '13:00', '15:00', 'T', NULL, 1, 'Flores', 'Mark', '14', 3),
(18991, 82, 25, '3', 'B', '14:30', '16:00', 'TF', NULL, 1, 'TIMPANGCO', 'TIMPANGCO', '39', 1),
(18992, 83, 25, '3', 'B', '10:00', '13:00', 'M', NULL, 1, 'Arip', 'Justine Ann', '41', 2),
(18993, 84, 25, '3', 'B', '09:00', '11:00', 'S', NULL, 1, 'JAAFAR', 'JAAFAR', '26', 3),
(18994, 85, 25, '3', 'B', '10:00', '13:00', 'W', NULL, 1, 'Roxas', 'Marjorie', '6', 2),
(18995, 86, 25, '3', 'B', '11:30', '13:00', 'TF', NULL, 1, 'JAAFAR', 'JAAFAR', '26', 1),
(18996, 87, 25, '3', 'B', '07:00', '10:00', 'M', NULL, 1, 'JAAFAR', 'JAAFAR', '26', 4),
(18997, 88, 25, '3', 'B', '13:00', '15:00', 'S', NULL, 1, 'edios', 'edios', '29', 14),
(18998, 89, 25, '3', 'B', '10:00', '13:00', 'Th', NULL, 1, 'Tahil', 'Salimar', '11', 12),
(18999, 90, 25, '3', 'B', '09:00', '11:00', 'F', NULL, 1, 'BANQUERIGO', 'BANQUERIGO', '23', 4),
(19000, 91, 25, '3', 'B', '13:00', '16:00', 'M', NULL, 1, 'JAAFAR', 'JAAFAR', '26', 12),
(19004, 80, 25, '3', 'C', '11:30', '13:00', 'WS', NULL, 1, 'Kanman', 'Kanman', '15', 1),
(19005, 81, 25, '3', 'C', '07:00', '09:00', 'W', NULL, 1, 'Flores', 'Mark', '14', 3),
(19006, 82, 25, '3', 'C', '17:30', '19:00', 'TF', NULL, 1, 'TIMPANGCO', 'TIMPANGCO', '39', 1),
(19007, 83, 25, '3', 'C', '11:30', '14:30', 'W', NULL, 1, 'Arip', 'Justine Ann', '41', 4),
(19008, 84, 25, '3', 'C', '07:00', '09:00', 'T', NULL, 1, 'JAAFAR', 'JAAFAR', '26', 14),
(19009, 85, 25, '3', 'C', '14:30', '17:30', 'W', NULL, 1, 'Ballaho', 'Jaydee', '8', 4),
(19010, 86, 25, '3', 'C', '16:00', '17:30', 'TF', NULL, 1, 'JAAFAR', 'JAAFAR', '26', 1),
(19011, 87, 25, '3', 'C', '16:00', '19:00', 'Th', NULL, 1, 'Ballaho', 'Jaydee', '8', 4),
(19012, 88, 25, '3', 'C', '15:00', '17:00', 'S', NULL, 1, 'edios', 'edios', '29', 14),
(19013, 89, 25, '3', 'C', '13:30', '16:30', 'W', NULL, 1, 'Tahil', 'Salimar', '11', 5),
(19014, 90, 25, '3', 'C', '15:00', '17:00', 'Th', NULL, 1, 'BANQUERIGO', 'BANQUERIGO', '23', 14),
(19015, 91, 25, '3', 'C', '07:00', '10:00', 'M', NULL, 1, 'BANQUERIGO', 'BANQUERIGO', '23', 3),
(19019, 92, 25, '4', 'A', NULL, NULL, NULL, NULL, 1, NULL, NULL, NULL, NULL),
(19020, 93, 25, '4', 'A', NULL, NULL, NULL, NULL, 1, NULL, NULL, NULL, NULL),
(19022, 92, 25, '4', 'B', NULL, NULL, NULL, NULL, 1, NULL, NULL, NULL, NULL),
(19023, 93, 25, '4', 'B', NULL, NULL, NULL, NULL, 1, NULL, NULL, NULL, NULL),
(19025, 92, 25, '4', 'C', NULL, NULL, NULL, NULL, 1, NULL, NULL, NULL, NULL),
(19026, 93, 25, '4', 'C', NULL, NULL, NULL, NULL, 1, NULL, NULL, NULL, NULL),
(19028, 222, 25, '1', 'A', '17:00', '19:00', 'T', NULL, 2, 'JAILANI', 'JAILANI', '27', 14),
(19029, 223, 25, '1', 'A', '10:00', '13:00', 'T', NULL, 2, 'Tahil', 'Salimar', '11', 12),
(19030, 224, 25, '1', 'A', '15:00', '17:00', 'W', NULL, 2, 'edios', 'edios', '29', 14),
(19031, 225, 25, '1', 'A', '11:30', '14:30', 'F', NULL, 2, 'Roxas', 'Marjorie', '6', 5),
(19032, 226, 25, '1', 'A', NULL, NULL, NULL, NULL, 2, NULL, NULL, NULL, NULL),
(19033, 227, 25, '1', 'A', NULL, NULL, NULL, NULL, 2, NULL, NULL, NULL, NULL),
(19034, 228, 25, '1', 'A', NULL, NULL, NULL, NULL, 2, NULL, NULL, NULL, NULL),
(19035, 229, 25, '1', 'A', NULL, NULL, NULL, NULL, 2, NULL, NULL, NULL, NULL),
(19036, 230, 25, '1', 'A', NULL, NULL, NULL, NULL, 2, NULL, NULL, NULL, NULL),
(19037, 231, 25, '1', 'A', NULL, NULL, NULL, NULL, 2, NULL, NULL, NULL, NULL),
(19043, 232, 25, '2', 'A', '10:00', '12:00', 'F', NULL, 2, 'escorial a', 'escorial a', '34', 3),
(19044, 233, 25, '2', 'A', '13:00', '16:00', 'Th', NULL, 2, 'escorial a', 'escorial a', '34', 4),
(19045, 234, 25, '2', 'A', '14:30', '16:00', 'MTh', NULL, 2, 'lorenzo', 'jen', '36', 5),
(19046, 235, 25, '2', 'A', '12:00', '13:30', 'WS', NULL, 2, 'albay', 'albay', '30', 5),
(19047, 236, 25, '2', 'A', '07:00', '09:00', 'F', NULL, 2, 'BANQUERIGO', 'BANQUERIGO', '23', 4),
(19048, 237, 25, '2', 'A', '07:00', '10:00', 'Th', NULL, 2, 'Felix', 'Lucy', '4', 5),
(19049, 238, 25, '2', 'A', '13:00', '15:00', 'Th', NULL, 2, 'Balan', 'Balan', '22', 14),
(19050, 239, 25, '2', 'A', '16:00', '19:00', 'Th', NULL, 2, 'Kanman', 'Kanman', '15', 12),
(19051, 240, 25, '2', 'A', NULL, NULL, NULL, NULL, 2, NULL, NULL, NULL, NULL),
(19052, 241, 25, '2', 'A', NULL, NULL, NULL, NULL, 2, NULL, NULL, NULL, NULL),
(19053, 242, 25, '2', 'A', NULL, NULL, NULL, NULL, 2, NULL, NULL, NULL, NULL),
(19054, 243, 25, '2', 'A', NULL, NULL, NULL, NULL, 2, NULL, NULL, NULL, NULL),
(19058, 232, 25, '2', 'B', '15:00', '17:00', 'S', NULL, 2, 'escorial ', 'escorial j', '35', 12),
(19059, 233, 25, '2', 'B', '13:00', '16:00', 'Th', NULL, 2, 'ZABALA', 'ZABALA', '40', 2),
(19060, 234, 25, '2', 'B', '10:00', '11:30', 'MTh', NULL, 2, 'lorenzo', 'jen', '36', 5),
(19061, 235, 25, '2', 'B', '20:30', '22:00', 'MTh', NULL, 2, 'albay', 'albay', '30', 1),
(19062, 236, 25, '2', 'B', '07:00', '09:00', 'T', NULL, 2, 'Felix', 'Lucy', '4', 3),
(19063, 237, 25, '2', 'B', '11:30', '14:30', 'T', NULL, 2, 'gadmar', 'gadmar', '25', 5),
(19064, 238, 25, '2', 'B', '11:00', '13:00', 'Th', NULL, 2, 'Balan', 'Balan', '22', 14),
(19065, 239, 25, '2', 'B', '16:00', '19:00', 'W', NULL, 2, 'Balan', 'Balan', '22', 12),
(19066, 240, 25, '2', 'B', NULL, NULL, NULL, NULL, 2, NULL, NULL, NULL, NULL),
(19067, 241, 25, '2', 'B', NULL, NULL, NULL, NULL, 2, NULL, NULL, NULL, NULL),
(19068, 242, 25, '2', 'B', NULL, NULL, NULL, NULL, 2, NULL, NULL, NULL, NULL),
(19069, 243, 25, '2', 'B', NULL, NULL, NULL, NULL, 2, NULL, NULL, NULL, NULL),
(19073, 232, 25, '2', 'C', '11:00', '13:00', 'Th', NULL, 2, 'escorial a', 'escorial a', '34', 4),
(19074, 233, 25, '2', 'C', '08:30', '11:30', 'W', NULL, 2, 'catadman', 'catadman', '33', 4),
(19075, 234, 25, '2', 'C', '16:00', '17:30', 'WS', NULL, 2, 'lorenzo', 'jen', '36', 1),
(19076, 235, 25, '2', 'C', '17:30', '19:00', 'MTh', NULL, 2, 'albay', 'albay', '30', 5),
(19077, 236, 25, '2', 'C', '17:00', '19:00', 'Th', NULL, 2, 'BANQUERIGO', 'BANQUERIGO', '23', 14),
(19078, 237, 25, '2', 'C', '16:00', '19:00', 'M', NULL, 2, 'lorenzo', 'jen', '36', 12),
(19079, 238, 25, '2', 'C', '07:00', '09:00', 'S', NULL, 2, 'Balan', 'Balan', '22', 14),
(19080, 239, 25, '2', 'C', '10:00', '13:00', 'F', NULL, 2, 'Balan', 'Balan', '22', 12),
(19081, 240, 25, '2', 'C', NULL, NULL, NULL, NULL, 2, NULL, NULL, NULL, NULL),
(19082, 241, 25, '2', 'C', NULL, NULL, NULL, NULL, 2, NULL, NULL, NULL, NULL),
(19083, 242, 25, '2', 'C', NULL, NULL, NULL, NULL, 2, NULL, NULL, NULL, NULL),
(19084, 243, 25, '2', 'C', NULL, NULL, NULL, NULL, 2, NULL, NULL, NULL, NULL),
(19088, 207, 25, '3', 'A', '17:30', '19:00', 'MTh', NULL, 2, 'catadman', 'catadman', '33', 1),
(19089, 208, 25, '3', 'A', '07:00', '10:00', 'M', NULL, 2, 'catadman', 'catadman', '33', 2),
(19090, 209, 25, '3', 'A', '13:00', '15:00', 'S', NULL, 2, 'TIMPANGCO', 'TIMPANGCO', '39', 3),
(19091, 210, 25, '3', 'A', '10:00', '13:00', 'Th', NULL, 2, 'lorenzo', 'jez', '37', 2),
(19092, 211, 25, '3', 'A', '16:30', '18:30', 'S', NULL, 2, 'Arip', 'Jhon Paul', '31', 5),
(19093, 212, 25, '3', 'A', '07:00', '10:00', 'W', NULL, 2, 'Balan', 'Balan', '22', 12),
(19094, 213, 25, '3', 'A', '07:00', '08:30', 'MTh', NULL, 2, 'escorial ', 'escorial j', '35', 1),
(19095, 214, 25, '3', 'A', '11:30', '14:30', 'T', NULL, 2, 'Roxas', 'Marjorie', '6', 2),
(19096, 215, 25, '3', 'A', '09:00', '11:00', 'T', NULL, 2, 'escorial a', 'escorial a', '34', 3),
(19097, 216, 25, '3', 'A', '07:00', '10:00', 'S', NULL, 2, 'Arip', 'Edwin', '10', 5),
(19098, 217, 25, '3', 'A', '15:30', '17:30', 'Th', NULL, 2, 'Felix', 'Lucy', '4', 3),
(19099, 218, 25, '3', 'A', '13:00', '16:00', 'Th', NULL, 2, 'catadman', 'catadman', '33', 12),
(19103, 207, 25, '3', 'B', '10:00', '11:30', 'TF', NULL, 2, 'Arip', 'Justine Ann', '41', 1),
(19104, 208, 25, '3', 'B', '10:00', '13:00', 'T', NULL, 2, 'Kanman', 'Kanman', '15', 4),
(19105, 209, 25, '3', 'B', '07:00', '09:00', 'Th', NULL, 2, 'Arip', 'Justine Ann', '41', 3),
(19106, 210, 25, '3', 'B', '13:00', '16:00', 'M', NULL, 2, 'TIMPANGCO', 'TIMPANGCO', '39', 2),
(19107, 211, 25, '3', 'B', '17:00', '19:00', 'T', NULL, 2, 'Arip', 'Jhon Paul', '31', 3),
(19108, 212, 25, '3', 'B', '10:00', '13:00', 'S', NULL, 2, 'Tahil', 'Salimar', '11', 12),
(19109, 213, 25, '3', 'B', '16:00', '17:30', 'MTh', NULL, 2, 'escorial ', 'escorial j', '35', 1),
(19110, 214, 25, '3', 'B', '11:00', '14:00', 'F', NULL, 2, 'escorial ', 'escorial j', '35', 4),
(19111, 215, 25, '3', 'B', '08:00', '10:00', 'F', NULL, 2, 'escorial a', 'escorial a', '34', 3),
(19112, 216, 25, '3', 'B', '11:30', '14:30', 'S', NULL, 2, 'gadmar', 'gadmar', '25', 2),
(19113, 217, 25, '3', 'B', '09:00', '11:00', 'S', NULL, 2, 'BANQUERIGO', 'BANQUERIGO', '23', 4),
(19114, 218, 25, '3', 'B', '13:00', '16:00', 'M', NULL, 2, 'BANQUERIGO', 'BANQUERIGO', '23', 3),
(19118, 207, 25, '3', 'C', '13:00', '14:30', 'TF', NULL, 2, 'TIMPANGCO', 'TIMPANGCO', '39', 1),
(19119, 208, 25, '3', 'C', '14:30', '17:30', 'T', NULL, 2, 'Felix', 'Lucy', '4', 2),
(19120, 209, 25, '3', 'C', '17:00', '19:00', 'S', NULL, 2, 'TIMPANGCO', 'TIMPANGCO', '39', 12),
(19121, 210, 25, '3', 'C', '16:00', '19:00', 'Th', NULL, 2, 'TIMPANGCO', 'TIMPANGCO', '39', 2),
(19122, 211, 25, '3', 'C', '10:00', '12:00', 'W', NULL, 2, 'Arip', 'Jhon Paul', '31', 3),
(19123, 212, 25, '3', 'C', '07:00', '10:00', 'M', NULL, 2, 'Arip', 'Jhon Paul', '31', 12),
(19124, 213, 25, '3', 'C', '08:30', '10:00', 'TF', NULL, 2, 'escorial ', 'escorial j', '35', 1),
(19125, 214, 25, '3', 'C', '13:00', '16:00', 'T', NULL, 2, 'escorial ', 'escorial j', '35', 4),
(19126, 215, 25, '3', 'C', '15:00', '17:00', 'T', NULL, 2, 'escorial a', 'escorial a', '34', 3),
(19127, 216, 25, '3', 'C', '07:00', '10:00', 'M', NULL, 2, 'escorial a', 'escorial a', '34', 5),
(19128, 217, 25, '3', 'C', '16:30', '18:30', 'W', NULL, 2, 'Felix', 'Lucy', '4', 5),
(19129, 218, 25, '3', 'C', '16:00', '19:00', 'F', NULL, 2, 'BANQUERIGO', 'BANQUERIGO', '23', 12),
(19133, 219, 25, '4', 'A', NULL, NULL, NULL, NULL, 2, 'escorial ', 'escorial j', '35', NULL),
(19134, 220, 25, '4', 'A', '17:00', '19:00', 'S', NULL, 2, 'SAAVEDRA', 'SAAVEDRA', '38', 14),
(19135, 221, 25, '4', 'A', '14:00', '17:00', 'F', NULL, 2, 'SAAVEDRA', 'SAAVEDRA', '38', 4),
(19136, 244, 25, '4', 'A', '17:00', '19:00', 'W', NULL, 2, 'ZABALA', 'ZABALA', '40', 3),
(19137, 245, 25, '4', 'A', '08:00', '11:00', 'Th', NULL, 2, 'ZABALA', 'ZABALA', '40', 4),
(19140, 219, 25, '4', 'B', NULL, NULL, NULL, NULL, 2, 'escorial ', 'escorial j', '35', NULL),
(19141, 220, 25, '4', 'B', '17:00', '19:00', 'F', NULL, 2, 'SAAVEDRA', 'SAAVEDRA', '38', 4),
(19142, 221, 25, '4', 'B', '13:00', '16:00', 'S', NULL, 2, 'SAAVEDRA', 'SAAVEDRA', '38', 4),
(19143, 244, 25, '4', 'B', '07:00', '09:00', 'W', NULL, 2, 'ZABALA', 'ZABALA', '40', 14),
(19144, 245, 25, '4', 'B', '16:00', '19:00', 'F', NULL, 2, 'ZABALA', 'ZABALA', '40', 2),
(19147, 219, 25, '4', 'C', NULL, NULL, NULL, NULL, 2, 'escorial ', 'escorial j', '35', NULL),
(19148, 220, 25, '4', 'C', '13:00', '15:00', 'M', NULL, 2, 'SAAVEDRA', 'SAAVEDRA', '38', 14),
(19149, 221, 25, '4', 'C', '16:00', '19:00', 'T', NULL, 2, 'SAAVEDRA', 'SAAVEDRA', '38', 4),
(19150, 244, 25, '4', 'C', '10:00', '12:00', 'W', NULL, 2, 'ZABALA', 'ZABALA', '40', 14),
(19151, 245, 25, '4', 'C', '13:00', '16:00', 'F', NULL, 2, 'ZABALA', 'ZABALA', '40', 2),
(19154, 247, 25, '1', 'A', '15:00', '17:00', 'F', NULL, 6, 'Balan', 'Balan', '22', 14),
(19155, 248, 25, '1', 'A', '13:00', '16:00', 'F', NULL, 6, 'JAILANI', 'JAILANI', '27', 12),
(19156, 249, 25, '1', 'A', '07:00', '08:30', 'TF', NULL, 6, 'Arip', 'Edwin', '10', 1),
(19157, 250, 25, '1', 'A', '07:00', '10:00', 'T', NULL, 6, 'Flores', 'Mark', '14', 4),
(19158, 251, 25, '1', 'A', '17:30', '19:00', 'WS', NULL, 6, 'JAILANI', 'JAILANI', '27', 1),
(19159, 252, 25, '1', 'A', NULL, NULL, NULL, NULL, 6, NULL, NULL, NULL, NULL),
(19160, 253, 25, '1', 'A', NULL, NULL, NULL, NULL, 6, NULL, NULL, NULL, NULL),
(19161, 254, 25, '1', 'A', NULL, NULL, NULL, NULL, 6, NULL, NULL, NULL, NULL),
(19162, 255, 25, '1', 'A', NULL, NULL, NULL, NULL, 6, NULL, NULL, NULL, NULL),
(19163, 256, 25, '1', 'A', NULL, NULL, NULL, NULL, 6, NULL, NULL, NULL, NULL),
(19169, 257, 25, '2', 'A', '11:00', '13:00', 'T', NULL, 6, 'Felix', 'Lucy', '4', 3),
(19170, 258, 25, '2', 'A', '10:00', '13:00', 'W', NULL, 6, 'Odon', 'Odon', '12', 12),
(19171, 259, 25, '2', 'A', '07:00', '09:00', 'Th', NULL, 6, 'Balan', 'Balan', '22', 14),
(19172, 260, 25, '2', 'A', '07:00', '10:00', 'W', NULL, 6, 'Arip', 'Jhon Paul', '31', 5),
(19173, 261, 25, '2', 'A', '13:00', '15:00', 'W', NULL, 6, 'edios', 'edios', '29', 14),
(19174, 262, 25, '2', 'A', '16:00', '19:00', 'M', NULL, 6, 'edios', 'edios', '29', 4),
(19175, 263, 25, '2', 'A', '11:00', '13:00', 'S', NULL, 6, 'JAAFAR', 'JAAFAR', '26', 3),
(19176, 264, 25, '2', 'A', '16:00', '19:00', 'M', NULL, 6, 'SAAVEDRA', 'SAAVEDRA', '38', 3),
(19177, 265, 25, '2', 'A', '10:00', '11:30', 'MTh', NULL, 6, 'Lines', 'Marvicdss', '3', 1),
(19178, 266, 25, '2', 'A', NULL, NULL, NULL, NULL, 6, NULL, NULL, NULL, NULL),
(19184, 267, 25, '1', 'A', '07:00', '09:00', 'F', NULL, 7, 'JAILANI', 'JAILANI', '27', 14),
(19185, 268, 25, '1', 'A', '07:00', '10:00', 'S', NULL, 7, 'JAILANI', 'JAILANI', '27', 12),
(19186, 269, 25, '1', 'A', '10:00', '12:00', 'Th', NULL, 7, 'Roxas', 'Marjorie', '6', 3),
(19187, 270, 25, '1', 'A', '08:30', '11:30', 'S', NULL, 7, 'Lines', 'Marvicdss', '3', 2),
(19188, 271, 25, '1', 'A', NULL, NULL, NULL, NULL, 7, NULL, NULL, NULL, NULL),
(19189, 272, 25, '1', 'A', NULL, NULL, NULL, NULL, 7, NULL, NULL, NULL, NULL),
(19190, 273, 25, '1', 'A', NULL, NULL, NULL, NULL, 7, NULL, NULL, NULL, NULL),
(19191, 274, 25, '1', 'A', NULL, NULL, NULL, NULL, 7, NULL, NULL, NULL, NULL),
(19192, 275, 25, '1', 'A', NULL, NULL, NULL, NULL, 7, NULL, NULL, NULL, NULL),
(19199, 276, 25, '2', 'A', '14:30', '16:00', 'WS', NULL, 7, 'lorenzo', 'jen', '36', 1),
(19200, 277, 25, '2', 'A', '16:00', '17:30', 'MTh', NULL, 7, 'albay', 'albay', '30', 5),
(19201, 278, 25, '2', 'A', '10:00', '12:00', 'S', NULL, 7, 'Odon', 'Odon', '12', 5),
(19202, 279, 25, '2', 'A', '08:30', '11:30', 'F', NULL, 7, 'Odon', 'Odon', '12', 5),
(19203, 280, 25, '2', 'A', '07:00', '09:00', 'M', NULL, 7, 'Kanman', 'Kanman', '15', 14),
(19204, 281, 25, '2', 'A', '07:00', '10:00', 'Th', NULL, 7, 'Arip', 'Jhon Paul', '31', 12),
(19205, 282, 25, '2', 'A', NULL, NULL, NULL, NULL, 7, NULL, NULL, NULL, NULL),
(19206, 283, 25, '2', 'A', NULL, NULL, NULL, NULL, 7, NULL, NULL, NULL, NULL),
(19207, 284, 25, '2', 'A', NULL, NULL, NULL, NULL, 7, NULL, NULL, NULL, NULL),
(19214, 58, 7, '1', 'A', '07:00', '09:00', 'M', NULL, 1, 'edios', 'edios', '29', 14),
(19215, 59, 7, '1', 'A', '10:30', '13:30', 'F', NULL, 1, 'lorenzo', 'jez', '37', 12),
(19216, 60, 7, '1', 'A', '13:00', '14:30', 'MTh', NULL, 1, 'edios', 'edios', '29', 5),
(19217, 61, 7, '1', 'A', '11:30', '14:30', 'S', NULL, 1, 'gadmar', 'gadmar', '25', 2),
(19218, 62, 7, '1', 'A', NULL, NULL, NULL, NULL, 1, NULL, NULL, NULL, NULL),
(19219, 63, 7, '1', 'A', NULL, NULL, NULL, NULL, 1, NULL, NULL, NULL, NULL),
(19220, 64, 7, '1', 'A', NULL, NULL, NULL, NULL, 1, NULL, NULL, NULL, NULL),
(19221, 65, 7, '1', 'A', NULL, NULL, NULL, NULL, 1, NULL, NULL, NULL, NULL),
(19222, 66, 7, '1', 'A', NULL, NULL, NULL, NULL, 1, NULL, NULL, NULL, NULL),
(19223, 67, 7, '1', 'A', NULL, NULL, NULL, NULL, 1, NULL, NULL, NULL, NULL),
(19224, 68, 7, '1', 'A', NULL, NULL, NULL, NULL, 1, NULL, NULL, NULL, NULL),
(19229, 69, 7, '2', 'A', '14:30', '16:00', 'MTh', NULL, 1, 'Lazaro', 'Ceed', '7', 1),
(19230, 70, 7, '2', 'A', '16:00', '19:00', 'W', NULL, 1, 'Kanman', 'Kanman', '15', 4),
(19231, 71, 7, '2', 'A', '13:00', '14:30', 'MTh', NULL, 1, 'Lines', 'Marvicdss', '3', 1),
(19232, 72, 7, '2', 'A', '07:00', '08:30', 'TF', NULL, 1, 'Arip', 'Edwin', '10', 1),
(19233, 73, 7, '2', 'A', '07:00', '10:00', 'W', NULL, 1, 'Arip', 'Edwin', '10', 2),
(19234, 75, 7, '2', 'A', '10:00', '13:00', 'T', NULL, 1, 'Roxas', 'Marjorie', '6', 2),
(19235, 76, 7, '2', 'A', '11:30', '13:00', 'TF', NULL, 1, 'lorenzo', 'jen', '36', 5),
(19236, 77, 7, '2', 'A', '16:00', '19:00', 'M', NULL, 1, 'BANQUERIGO', 'BANQUERIGO', '23', 3),
(19237, 78, 7, '2', 'A', NULL, NULL, NULL, NULL, 1, NULL, NULL, NULL, NULL),
(19238, 79, 7, '2', 'A', NULL, NULL, NULL, NULL, 1, NULL, NULL, NULL, NULL),
(19239, 116, 7, '2', 'A', NULL, NULL, NULL, NULL, 1, NULL, NULL, NULL, NULL),
(19244, 69, 7, '2', 'B', '17:30', '19:00', 'WS', NULL, 1, 'JAAFAR', 'JAAFAR', '26', 1),
(19245, 70, 7, '2', 'B', '07:00', '10:00', 'T', NULL, 1, 'Felix', 'Lucy', '4', 2),
(19246, 71, 7, '2', 'B', '10:00', '11:30', 'MTh', NULL, 1, 'Lines', 'Marvicdss', '3', 1),
(19247, 72, 7, '2', 'B', '11:30', '13:00', 'TF', NULL, 1, 'Arip', 'Edwin', '10', 1),
(19248, 73, 7, '2', 'B', '07:00', '10:00', 'W', NULL, 1, 'Flores', 'Mark', '14', 4),
(19249, 75, 7, '2', 'B', '16:00', '19:00', 'F', NULL, 1, 'edios', 'edios', '29', 4),
(19250, 76, 7, '2', 'B', '17:30', '19:00', 'TF', NULL, 1, 'BANQUERIGO', 'BANQUERIGO', '23', 5),
(19251, 77, 7, '2', 'B', '07:00', '10:00', 'W', NULL, 1, 'Felix', 'Lucy', '4', 5),
(19252, 78, 7, '2', 'B', NULL, NULL, NULL, NULL, 1, NULL, NULL, NULL, NULL),
(19253, 79, 7, '2', 'B', NULL, NULL, NULL, NULL, 1, NULL, NULL, NULL, NULL),
(19254, 116, 7, '2', 'B', NULL, NULL, NULL, NULL, 1, NULL, NULL, NULL, NULL),
(19259, 69, 7, '2', 'C', '17:30', '19:00', 'TF', NULL, 1, 'JAAFAR', 'JAAFAR', '26', 1),
(19260, 70, 7, '2', 'C', '10:00', '13:00', 'M', NULL, 1, 'JAAFAR', 'JAAFAR', '26', 4),
(19261, 71, 7, '2', 'C', '08:30', '10:00', 'MTh', NULL, 1, 'Lines', 'Marvicdss', '3', 1),
(19262, 72, 7, '2', 'C', '08:30', '10:00', 'TF', NULL, 1, 'Arip', 'Edwin', '10', 1),
(19263, 73, 7, '2', 'C', '07:00', '10:00', 'Th', NULL, 1, 'Flores', 'Mark', '14', 2),
(19264, 75, 7, '2', 'C', '10:00', '13:00', 'T', NULL, 1, 'Kanman', 'Kanman', '15', 4),
(19265, 76, 7, '2', 'C', '13:30', '15:00', 'WS', NULL, 1, 'lorenzo', 'jen', '36', 5),
(19266, 77, 7, '2', 'C', '10:00', '13:00', 'S', NULL, 1, 'Odon', 'Odon', '12', 12),
(19267, 78, 7, '2', 'C', NULL, NULL, NULL, NULL, 1, NULL, NULL, NULL, NULL),
(19268, 79, 7, '2', 'C', NULL, NULL, NULL, NULL, 1, NULL, NULL, NULL, NULL),
(19269, 116, 7, '2', 'C', NULL, NULL, NULL, NULL, 1, NULL, NULL, NULL, NULL),
(19274, 80, 7, '3', 'A', '07:00', '08:30', 'TF', NULL, 1, 'Kanman', 'Kanman', '15', 5),
(19275, 81, 7, '3', 'A', '13:00', '15:00', 'W', NULL, 1, 'Flores', 'Mark', '14', 14),
(19276, 82, 7, '3', 'A', '07:00', '08:30', 'WS', NULL, 1, 'catadman', 'catadman', '33', 1),
(19277, 83, 7, '3', 'A', '07:00', '10:00', 'M', NULL, 1, 'catadman', 'catadman', '33', 2),
(19278, 84, 7, '3', 'A', '10:00', '12:00', 'S', NULL, 1, 'JAAFAR', 'JAAFAR', '26', 14),
(19279, 85, 7, '3', 'A', '16:00', '19:00', 'W', NULL, 1, 'Tahil', 'Salimar', '11', 2),
(19280, 86, 7, '3', 'A', '14:30', '16:00', 'WS', NULL, 1, 'Ballaho', 'Jaydee', '8', 1),
(19281, 87, 7, '3', 'A', '15:00', '18:00', 'M', NULL, 1, 'Ballaho', 'Jaydee', '8', 2),
(19282, 88, 7, '3', 'A', '00:00', '00:00', '', NULL, 1, 'edios', 'edios', '29', 0),
(19283, 89, 7, '3', 'A', '10:00', '13:00', 'T', NULL, 1, 'Tahil', 'Salimar', '11', 12),
(19284, 90, 7, '3', 'A', '14:00', '16:00', 'F', NULL, 1, 'JAAFAR', 'JAAFAR', '26', 14),
(19285, 91, 7, '3', 'A', '14:30', '17:30', 'W', NULL, 1, 'Arip', 'Jhon Paul', '31', 12),
(19289, 80, 7, '3', 'B', '08:30', '10:00', 'WS', NULL, 1, 'Odon', 'Odon', '12', 1),
(19290, 81, 7, '3', 'B', '07:30', '09:30', 'T', NULL, 1, 'Flores', 'Mark', '14', 14),
(19291, 82, 7, '3', 'B', '14:30', '16:00', 'TF', NULL, 1, 'TIMPANGCO', 'TIMPANGCO', '39', 1),
(19292, 83, 7, '3', 'B', '07:00', '10:00', 'M', NULL, 1, 'Arip', 'Justine Ann', '41', 4),
(19293, 84, 7, '3', 'B', '10:00', '12:00', 'S', NULL, 1, 'Roxas', 'Marjorie', '6', 3),
(19294, 85, 7, '3', 'B', '10:00', '13:00', 'W', NULL, 1, 'Lines', 'Marvicdss', '3', 4),
(19295, 86, 7, '3', 'B', '07:00', '08:30', 'MTh', NULL, 1, 'JAAFAR', 'JAAFAR', '26', 5),
(19296, 87, 7, '3', 'B', '16:00', '19:00', 'M', NULL, 1, 'JAAFAR', 'JAAFAR', '26', 4),
(19297, 88, 7, '3', 'B', '12:00', '14:00', 'F', NULL, 1, 'edios', 'edios', '29', 14),
(19298, 89, 7, '3', 'B', '16:00', '19:00', 'M', NULL, 1, 'edios', 'edios', '29', 12),
(19299, 90, 7, '3', 'B', '15:00', '17:00', 'W', NULL, 1, 'JAAFAR', 'JAAFAR', '26', 14),
(19300, 91, 7, '3', 'B', '07:00', '10:00', 'T', NULL, 1, 'catadman', 'catadman', '33', 3),
(19304, 80, 7, '3', 'C', '08:30', '10:00', 'MTh', NULL, 1, 'Kanman', 'Kanman', '15', 5),
(19305, 81, 7, '3', 'C', '16:00', '18:00', 'T', NULL, 1, 'Flores', 'Mark', '14', 14),
(19306, 82, 7, '3', 'C', '16:00', '17:30', 'TF', NULL, 1, 'TIMPANGCO', 'TIMPANGCO', '39', 1),
(19307, 83, 7, '3', 'C', '07:00', '10:00', 'T', NULL, 1, 'Arip', 'Justine Ann', '41', 4),
(19308, 84, 7, '3', 'C', '07:00', '09:00', 'F', NULL, 1, 'JAAFAR', 'JAAFAR', '26', 14),
(19309, 85, 7, '3', 'C', '13:00', '16:00', 'W', NULL, 1, 'Roxas', 'Marjorie', '6', 2),
(19310, 86, 7, '3', 'C', '16:00', '17:30', 'WS', NULL, 1, 'Ballaho', 'Jaydee', '8', 1),
(19311, 87, 7, '3', 'C', '10:00', '13:00', 'Th', NULL, 1, 'Ballaho', 'Jaydee', '8', 4),
(19312, 88, 7, '3', 'C', '17:00', '19:00', 'T', NULL, 1, 'edios', 'edios', '29', 4),
(19313, 89, 7, '3', 'C', '14:00', '17:00', 'T', NULL, 1, 'edios', 'edios', '29', 3),
(19314, 90, 7, '3', 'C', '00:00', '00:00', '', NULL, 1, 'BANQUERIGO', 'BANQUERIGO', '23', 0),
(19315, 91, 7, '3', 'C', '13:30', '16:30', 'F', NULL, 1, 'Ballaho', 'Jaydee', '8', 12),
(19319, 92, 7, '4', 'A', NULL, NULL, NULL, NULL, 1, NULL, NULL, NULL, NULL),
(19320, 93, 7, '4', 'A', NULL, NULL, NULL, NULL, 1, NULL, NULL, NULL, NULL),
(19322, 92, 7, '4', 'B', NULL, NULL, NULL, NULL, 1, NULL, NULL, NULL, NULL),
(19323, 93, 7, '4', 'B', NULL, NULL, NULL, NULL, 1, NULL, NULL, NULL, NULL),
(19325, 92, 7, '4', 'C', NULL, NULL, NULL, NULL, 1, NULL, NULL, NULL, NULL),
(19326, 93, 7, '4', 'C', NULL, NULL, NULL, NULL, 1, NULL, NULL, NULL, NULL),
(19328, 207, 7, '3', 'A', '11:30', '13:00', 'WS', NULL, 2, 'catadman', 'catadman', '33', 1),
(19329, 208, 7, '3', 'A', '13:00', '16:00', 'W', NULL, 2, 'TIMPANGCO', 'TIMPANGCO', '39', 4),
(19330, 209, 7, '3', 'A', '16:30', '18:30', 'S', NULL, 2, 'TIMPANGCO', 'TIMPANGCO', '39', 3),
(19331, 210, 7, '3', 'A', '07:00', '10:00', 'F', NULL, 2, 'Arip', 'Justine Ann', '41', 4),
(19332, 211, 7, '3', 'A', '10:00', '12:00', 'Th', NULL, 2, 'Arip', 'Jhon Paul', '31', 14),
(19333, 212, 7, '3', 'A', '13:00', '16:00', 'M', NULL, 2, 'Arip', 'Jhon Paul', '31', 12),
(19334, 213, 7, '3', 'A', '07:00', '08:30', 'MTh', NULL, 2, 'escorial ', 'escorial j', '35', 1),
(19335, 214, 7, '3', 'A', '07:00', '10:00', 'F', NULL, 2, 'escorial ', 'escorial j', '35', 2),
(19336, 215, 7, '3', 'A', '13:00', '15:00', 'T', NULL, 2, 'escorial a', 'escorial a', '34', 14),
(19337, 216, 7, '3', 'A', '10:00', '13:00', 'M', NULL, 2, 'escorial a', 'escorial a', '34', 12),
(19338, 217, 7, '3', 'A', '16:00', '18:00', 'Th', NULL, 2, 'Felix', 'Lucy', '4', 3),
(19339, 218, 7, '3', 'A', '10:00', '13:00', 'T', NULL, 2, 'BANQUERIGO', 'BANQUERIGO', '23', 3),
(19343, 207, 7, '3', 'B', '13:00', '14:30', 'WS', NULL, 2, 'Arip', 'Justine Ann', '41', 1),
(19344, 208, 7, '3', 'B', '07:00', '10:00', 'Th', NULL, 2, 'Arip', 'Justine Ann', '41', 4),
(19345, 209, 7, '3', 'B', '11:00', '13:00', 'M', NULL, 2, 'Arip', 'Justine Ann', '41', 14),
(19346, 210, 7, '3', 'B', '12:00', '15:00', 'M', NULL, 2, 'lorenzo', 'jez', '37', 2),
(19347, 211, 7, '3', 'B', '12:00', '14:00', 'S', NULL, 2, 'Arip', 'Jhon Paul', '31', 3),
(19348, 212, 7, '3', 'B', '07:00', '10:00', 'S', NULL, 2, 'Arip', 'Jhon Paul', '31', 5),
(19349, 213, 7, '3', 'B', '16:00', '17:30', 'MTh', NULL, 2, 'escorial ', 'escorial j', '35', 1),
(19350, 214, 7, '3', 'B', '14:30', '17:30', 'S', NULL, 2, 'escorial ', 'escorial j', '35', 2),
(19351, 215, 7, '3', 'B', '08:00', '10:00', 'Th', NULL, 2, 'escorial a', 'escorial a', '34', 14),
(19352, 216, 7, '3', 'B', '07:00', '10:00', 'T', NULL, 2, 'escorial a', 'escorial a', '34', 12),
(19353, 217, 7, '3', 'B', '00:00', '00:00', '', NULL, 2, 'BANQUERIGO', 'BANQUERIGO', '23', 0),
(19354, 218, 7, '3', 'B', '07:00', '10:00', 'S', NULL, 2, 'JAAFAR', 'JAAFAR', '26', 12),
(19358, 207, 7, '3', 'C', '17:30', '19:00', 'MTh', NULL, 2, 'TIMPANGCO', 'TIMPANGCO', '39', 1),
(19359, 208, 7, '3', 'C', '13:00', '16:00', 'M', NULL, 2, 'TIMPANGCO', 'TIMPANGCO', '39', 4),
(19360, 209, 7, '3', 'C', '14:30', '16:30', 'S', NULL, 2, 'TIMPANGCO', 'TIMPANGCO', '39', 3),
(19361, 210, 7, '3', 'C', '13:00', '16:00', 'Th', NULL, 2, 'lorenzo', 'jez', '37', 2),
(19362, 211, 7, '3', 'C', '09:00', '11:00', 'M', NULL, 2, 'Arip', 'Jhon Paul', '31', 14),
(19363, 212, 7, '3', 'C', '16:00', '19:00', 'S', NULL, 2, 'Tahil', 'Salimar', '11', 12),
(19364, 213, 7, '3', 'C', '10:00', '11:30', 'TF', NULL, 2, 'escorial ', 'escorial j', '35', 1),
(19365, 214, 7, '3', 'C', '13:30', '16:30', 'T', NULL, 2, 'escorial ', 'escorial j', '35', 4),
(19366, 215, 7, '3', 'C', '14:00', '16:00', 'M', NULL, 2, 'escorial a', 'escorial a', '34', 14),
(19367, 216, 7, '3', 'C', '07:00', '10:00', 'W', NULL, 2, 'escorial a', 'escorial a', '34', 12),
(19368, 217, 7, '3', 'C', '00:00', '00:00', '', NULL, 2, 'BANQUERIGO', 'BANQUERIGO', '23', 0),
(19369, 218, 7, '3', 'C', '16:00', '19:00', 'Th', NULL, 2, 'catadman', 'catadman', '33', 12),
(19373, 219, 7, '4', 'A', NULL, NULL, NULL, NULL, 2, 'escorial ', 'escorial j', '35', NULL),
(19374, 220, 7, '4', 'A', '00:00', '00:00', '', NULL, 2, 'SAAVEDRA', 'SAAVEDRA', '38', 0),
(19375, 221, 7, '4', 'A', '15:30', '18:30', 'Th', NULL, 2, 'SAAVEDRA', 'SAAVEDRA', '38', 4),
(19376, 244, 7, '4', 'A', '16:30', '18:30', 'F', NULL, 2, 'ZABALA', 'ZABALA', '40', 12),
(19377, 245, 7, '4', 'A', '13:00', '16:00', 'F', NULL, 2, 'ZABALA', 'ZABALA', '40', 4),
(19380, 219, 7, '4', 'B', NULL, NULL, NULL, NULL, 2, 'escorial ', 'escorial j', '35', NULL),
(19381, 220, 7, '4', 'B', '00:00', '00:00', '', NULL, 2, 'SAAVEDRA', 'SAAVEDRA', '38', 0),
(19382, 221, 7, '4', 'B', '16:00', '19:00', 'S', NULL, 2, 'SAAVEDRA', 'SAAVEDRA', '38', 4),
(19383, 244, 7, '4', 'B', '07:00', '09:00', 'W', NULL, 2, 'ZABALA', 'ZABALA', '40', 14),
(19384, 245, 7, '4', 'B', '16:00', '19:00', 'Th', NULL, 2, 'ZABALA', 'ZABALA', '40', 2),
(19387, 219, 7, '4', 'C', NULL, NULL, NULL, NULL, 2, 'escorial ', 'escorial j', '35', NULL),
(19388, 220, 7, '4', 'C', '00:00', '00:00', '', NULL, 2, 'SAAVEDRA', 'SAAVEDRA', '38', 0),
(19389, 221, 7, '4', 'C', '13:00', '16:00', 'S', NULL, 2, 'SAAVEDRA', 'SAAVEDRA', '38', 4),
(19390, 244, 7, '4', 'C', '10:00', '12:00', 'W', NULL, 2, 'ZABALA', 'ZABALA', '40', 14),
(19391, 245, 7, '4', 'C', '10:00', '13:00', 'Th', NULL, 2, 'ZABALA', 'ZABALA', '40', 2),
(19394, 247, 7, '1', 'A', '00:00', '00:00', '', NULL, 6, 'Balan', 'Balan', '22', 0),
(19395, 248, 7, '1', 'A', '08:30', '11:30', 'Th', NULL, 6, 'Odon', 'Odon', '12', 12),
(19396, 249, 7, '1', 'A', '10:00', '11:30', 'WS', NULL, 6, 'lorenzo', 'jen', '36', 5),
(19397, 250, 7, '1', 'A', '10:00', '13:00', 'W', NULL, 6, 'Odon', 'Odon', '12', 2),
(19398, 251, 7, '1', 'A', '10:00', '11:30', 'MTh', NULL, 6, 'Kanman', 'Kanman', '15', 5),
(19399, 252, 7, '1', 'A', NULL, NULL, NULL, NULL, 6, NULL, NULL, NULL, NULL),
(19400, 253, 7, '1', 'A', NULL, NULL, NULL, NULL, 6, NULL, NULL, NULL, NULL),
(19401, 254, 7, '1', 'A', NULL, NULL, NULL, NULL, 6, NULL, NULL, NULL, NULL),
(19402, 255, 7, '1', 'A', NULL, NULL, NULL, NULL, 6, NULL, NULL, NULL, NULL),
(19403, 256, 7, '1', 'A', NULL, NULL, NULL, NULL, 6, NULL, NULL, NULL, NULL),
(19409, 247, 7, '1', 'B', '00:00', '00:00', '', NULL, 6, 'Balan', 'Balan', '22', 0),
(19410, 248, 7, '1', 'B', '16:00', '19:00', 'W', NULL, 6, 'JAILANI', 'JAILANI', '27', 3),
(19411, 249, 7, '1', 'B', '10:00', '11:30', 'TF', NULL, 6, 'lorenzo', 'jen', '36', 5),
(19412, 250, 7, '1', 'B', '13:00', '16:00', 'F', NULL, 6, 'Lines', 'Marvicdss', '3', 2),
(19413, 251, 7, '1', 'B', '08:30', '10:00', 'TF', NULL, 6, 'JAILANI', 'JAILANI', '27', 5),
(19414, 252, 7, '1', 'B', NULL, NULL, NULL, NULL, 6, NULL, NULL, NULL, NULL),
(19415, 253, 7, '1', 'B', NULL, NULL, NULL, NULL, 6, NULL, NULL, NULL, NULL),
(19416, 254, 7, '1', 'B', NULL, NULL, NULL, NULL, 6, NULL, NULL, NULL, NULL),
(19417, 255, 7, '1', 'B', NULL, NULL, NULL, NULL, 6, NULL, NULL, NULL, NULL),
(19418, 256, 7, '1', 'B', NULL, NULL, NULL, NULL, 6, NULL, NULL, NULL, NULL),
(19424, 247, 7, '1', 'C', '16:30', '18:30', 'F', NULL, 6, 'Balan', 'Balan', '22', 14),
(19425, 248, 7, '1', 'C', '10:00', '13:00', 'W', NULL, 6, 'Balan', 'Balan', '22', 3),
(19426, 249, 7, '1', 'C', '14:30', '16:00', 'MTh', NULL, 6, 'edios', 'edios', '29', 5),
(19427, 250, 7, '1', 'C', '13:00', '16:00', 'T', NULL, 6, 'Flores', 'Mark', '14', 2),
(19428, 251, 7, '1', 'C', '16:00', '17:30', 'TF', NULL, 6, 'JAILANI', 'JAILANI', '27', 5),
(19429, 252, 7, '1', 'C', NULL, NULL, NULL, NULL, 6, NULL, NULL, NULL, NULL),
(19430, 253, 7, '1', 'C', NULL, NULL, NULL, NULL, 6, NULL, NULL, NULL, NULL),
(19431, 254, 7, '1', 'C', NULL, NULL, NULL, NULL, 6, NULL, NULL, NULL, NULL),
(19432, 255, 7, '1', 'C', NULL, NULL, NULL, NULL, 6, NULL, NULL, NULL, NULL),
(19433, 256, 7, '1', 'C', NULL, NULL, NULL, NULL, 6, NULL, NULL, NULL, NULL),
(19439, 257, 7, '2', 'A', '00:00', '00:00', '', NULL, 6, 'BANQUERIGO', 'BANQUERIGO', '23', 0),
(19440, 258, 7, '2', 'A', '14:30', '17:30', 'T', NULL, 6, 'gadmar', 'gadmar', '25', 12),
(19441, 259, 7, '2', 'A', '10:00', '12:00', 'M', NULL, 6, 'Balan', 'Balan', '22', 2),
(19442, 260, 7, '2', 'A', '15:00', '18:00', 'W', NULL, 6, 'Lazaro', 'Ceed', '7', 5),
(19443, 261, 7, '2', 'A', '17:00', '19:00', 'S', NULL, 6, 'edios', 'edios', '29', 14),
(19444, 262, 7, '2', 'A', '16:00', '19:00', 'F', NULL, 6, 'catadman', 'catadman', '33', 2),
(19445, 263, 7, '2', 'A', '12:00', '14:00', 'S', NULL, 6, 'JAAFAR', 'JAAFAR', '26', 14),
(19446, 264, 7, '2', 'A', '08:30', '11:30', 'F', NULL, 6, 'escorial a', 'escorial a', '34', 3),
(19447, 265, 7, '2', 'A', '11:30', '13:00', 'MTh', NULL, 6, 'Lazaro', 'Ceed', '7', 1),
(19448, 266, 7, '2', 'A', NULL, NULL, NULL, NULL, 6, NULL, NULL, NULL, NULL);
INSERT INTO `subjectschedule` (`id`, `subjectid`, `calendarid`, `yearlvl`, `section`, `timestart`, `timeend`, `day`, `roomname`, `departmentid`, `facultylname`, `facultyfname`, `facultyid`, `roomid`) VALUES
(19454, 257, 7, '2', 'B', '00:00', '00:00', '', NULL, 6, 'lorenzo', 'jen', '36', 0),
(19455, 258, 7, '2', 'B', '11:00', '14:00', 'Th', NULL, 6, 'BANQUERIGO', 'BANQUERIGO', '23', 3),
(19456, 259, 7, '2', 'B', '00:00', '00:00', '', NULL, 6, 'Balan', 'Balan', '22', 0),
(19457, 260, 7, '2', 'B', '13:00', '16:00', 'Th', NULL, 6, 'TIMPANGCO', 'TIMPANGCO', '39', 12),
(19458, 261, 7, '2', 'B', '17:00', '19:00', 'T', NULL, 6, 'Felix', 'Lucy', '4', 3),
(19459, 262, 7, '2', 'B', '16:00', '19:00', 'T', NULL, 6, 'lorenzo', 'jez', '37', 2),
(19460, 263, 7, '2', 'B', '17:00', '19:00', 'M', NULL, 6, 'Lazaro', 'Ceed', '7', 14),
(19461, 264, 7, '2', 'B', '15:00', '18:00', 'S', NULL, 6, 'Lazaro', 'Ceed', '7', 5),
(19462, 265, 7, '2', 'B', '10:00', '11:30', 'WS', NULL, 6, 'Tahil', 'Salimar', '11', 1),
(19463, 266, 7, '2', 'B', NULL, NULL, NULL, NULL, 6, NULL, NULL, NULL, NULL),
(19469, 257, 7, '2', 'C', '00:00', '00:00', '', NULL, 6, 'BANQUERIGO', 'BANQUERIGO', '23', 0),
(19470, 258, 7, '2', 'C', '11:30', '14:30', 'W', NULL, 6, 'gadmar', 'gadmar', '25', 12),
(19471, 259, 7, '2', 'C', '00:00', '00:00', '', NULL, 6, 'Balan', 'Balan', '22', 0),
(19472, 260, 7, '2', 'C', '13:00', '16:00', 'W', NULL, 6, 'Balan', 'Balan', '22', 3),
(19473, 261, 7, '2', 'C', '13:00', '15:00', 'Th', NULL, 6, 'Felix', 'Lucy', '4', 14),
(19474, 262, 7, '2', 'C', '10:00', '13:00', 'F', NULL, 6, 'Kanman', 'Kanman', '15', 4),
(19475, 263, 7, '2', 'C', '10:00', '12:00', 'F', NULL, 6, 'Ballaho', 'Jaydee', '8', 14),
(19476, 264, 7, '2', 'C', '13:00', '16:00', 'S', NULL, 6, 'Lines', 'Marvicdss', '3', 12),
(19477, 265, 7, '2', 'C', '13:00', '14:30', 'TF', NULL, 6, 'gadmar', 'gadmar', '25', 1),
(19478, 266, 7, '2', 'C', NULL, NULL, NULL, NULL, 6, NULL, NULL, NULL, NULL),
(19484, 267, 7, '1', 'A', '13:00', '15:00', 'Th', NULL, 7, 'Balan', 'Balan', '22', 4),
(19485, 268, 7, '1', 'A', '07:00', '10:00', 'W', NULL, 7, 'Balan', 'Balan', '22', 3),
(19486, 269, 7, '1', 'A', '00:00', '00:00', '', NULL, 7, 'edios', 'edios', '29', 0),
(19487, 270, 7, '1', 'A', '07:00', '10:00', 'S', NULL, 7, 'Arip', 'Edwin', '10', 2),
(19488, 271, 7, '1', 'A', NULL, NULL, NULL, NULL, 7, NULL, NULL, NULL, NULL),
(19489, 272, 7, '1', 'A', NULL, NULL, NULL, NULL, 7, NULL, NULL, NULL, NULL),
(19490, 273, 7, '1', 'A', NULL, NULL, NULL, NULL, 7, NULL, NULL, NULL, NULL),
(19491, 274, 7, '1', 'A', NULL, NULL, NULL, NULL, 7, NULL, NULL, NULL, NULL),
(19492, 275, 7, '1', 'A', NULL, NULL, NULL, NULL, 7, NULL, NULL, NULL, NULL),
(19499, 267, 7, '1', 'B', '00:00', '00:00', '', NULL, 7, 'JAILANI', 'JAILANI', '27', 0),
(19500, 268, 7, '1', 'B', '07:00', '10:00', 'M', NULL, 7, 'albay', 'albay', '30', 3),
(19501, 269, 7, '1', 'B', '10:00', '12:00', 'T', NULL, 7, 'Felix', 'Lucy', '4', 14),
(19502, 270, 7, '1', 'B', '10:00', '13:00', 'F', NULL, 7, 'Roxas', 'Marjorie', '6', 2),
(19503, 271, 7, '1', 'B', NULL, NULL, NULL, NULL, 7, NULL, NULL, NULL, NULL),
(19504, 272, 7, '1', 'B', NULL, NULL, NULL, NULL, 7, NULL, NULL, NULL, NULL),
(19505, 273, 7, '1', 'B', NULL, NULL, NULL, NULL, 7, NULL, NULL, NULL, NULL),
(19506, 274, 7, '1', 'B', NULL, NULL, NULL, NULL, 7, NULL, NULL, NULL, NULL),
(19507, 275, 7, '1', 'B', NULL, NULL, NULL, NULL, 7, NULL, NULL, NULL, NULL),
(19514, 267, 7, '1', 'C', '15:00', '17:00', 'Th', NULL, 7, 'Flores', 'Mark', '14', 14),
(19515, 268, 7, '1', 'C', '07:00', '10:00', 'M', NULL, 7, 'Arip', 'Edwin', '10', 12),
(19516, 269, 7, '1', 'C', '15:00', '17:00', 'S', NULL, 7, 'edios', 'edios', '29', 14),
(19517, 270, 7, '1', 'C', '08:30', '11:30', 'S', NULL, 7, 'albay', 'albay', '30', 4),
(19518, 271, 7, '1', 'C', NULL, NULL, NULL, NULL, 7, NULL, NULL, NULL, NULL),
(19519, 272, 7, '1', 'C', NULL, NULL, NULL, NULL, 7, NULL, NULL, NULL, NULL),
(19520, 273, 7, '1', 'C', NULL, NULL, NULL, NULL, 7, NULL, NULL, NULL, NULL),
(19521, 274, 7, '1', 'C', NULL, NULL, NULL, NULL, 7, NULL, NULL, NULL, NULL),
(19522, 275, 7, '1', 'C', NULL, NULL, NULL, NULL, 7, NULL, NULL, NULL, NULL),
(19529, 276, 7, '2', 'A', '14:30', '16:00', 'TF', NULL, 7, 'lorenzo', 'jen', '36', 5),
(19530, 277, 7, '2', 'A', '16:00', '17:30', 'MTh', NULL, 7, 'albay', 'albay', '30', 5),
(19531, 278, 7, '2', 'A', '14:00', '16:00', 'Th', NULL, 7, 'Odon', 'Odon', '12', 3),
(19532, 279, 7, '2', 'A', '07:00', '10:00', 'F', NULL, 7, 'ZABALA', 'ZABALA', '40', 12),
(19533, 280, 7, '2', 'A', '07:00', '09:00', 'S', NULL, 7, 'TIMPANGCO', 'TIMPANGCO', '39', 3),
(19534, 281, 7, '2', 'A', '07:00', '10:00', 'Th', NULL, 7, 'JAILANI', 'JAILANI', '27', 3),
(19535, 282, 7, '2', 'A', NULL, NULL, NULL, NULL, 7, NULL, NULL, NULL, NULL),
(19536, 283, 7, '2', 'A', NULL, NULL, NULL, NULL, 7, NULL, NULL, NULL, NULL),
(19537, 284, 7, '2', 'A', NULL, NULL, NULL, NULL, 7, NULL, NULL, NULL, NULL),
(19544, 276, 7, '2', 'B', '11:30', '13:00', 'MTh', NULL, 7, 'lorenzo', 'jen', '36', 5),
(19545, 277, 7, '2', 'B', '12:00', '13:30', 'WS', NULL, 7, 'albay', 'albay', '30', 5),
(19546, 278, 7, '2', 'B', '00:00', '00:00', '', NULL, 7, 'BANQUERIGO', 'BANQUERIGO', '23', 0),
(19547, 279, 7, '2', 'B', '13:00', '16:00', 'M', NULL, 7, 'lorenzo', 'jen', '36', 3),
(19548, 280, 7, '2', 'B', '07:00', '09:00', 'S', NULL, 7, 'Balan', 'Balan', '22', 14),
(19549, 281, 7, '2', 'B', '13:00', '16:00', 'F', NULL, 7, 'albay', 'albay', '30', 3),
(19550, 282, 7, '2', 'B', NULL, NULL, NULL, NULL, 7, NULL, NULL, NULL, NULL),
(19551, 283, 7, '2', 'B', NULL, NULL, NULL, NULL, 7, NULL, NULL, NULL, NULL),
(19552, 284, 7, '2', 'B', NULL, NULL, NULL, NULL, 7, NULL, NULL, NULL, NULL),
(19559, 276, 7, '2', 'C', '13:00', '14:30', 'TF', NULL, 7, 'lorenzo', 'jen', '36', 5),
(19560, 277, 7, '2', 'C', '17:30', '19:00', 'MTh', NULL, 7, 'albay', 'albay', '30', 5),
(19561, 278, 7, '2', 'C', '17:00', '19:00', 'W', NULL, 7, 'Felix', 'Lucy', '4', 14),
(19562, 279, 7, '2', 'C', '16:00', '19:00', 'F', NULL, 7, 'SAAVEDRA', 'SAAVEDRA', '38', 3),
(19563, 280, 7, '2', 'C', '17:00', '19:00', 'Th', NULL, 7, 'Arip', 'Jhon Paul', '31', 14),
(19564, 281, 7, '2', 'C', '10:00', '13:00', 'M', NULL, 7, 'JAILANI', 'JAILANI', '27', 3),
(19565, 282, 7, '2', 'C', NULL, NULL, NULL, NULL, 7, NULL, NULL, NULL, NULL),
(19566, 283, 7, '2', 'C', NULL, NULL, NULL, NULL, 7, NULL, NULL, NULL, NULL),
(19567, 284, 7, '2', 'C', NULL, NULL, NULL, NULL, 7, NULL, NULL, NULL, NULL);

--
-- Indexes for dumped tables
--

--
-- Indexes for table `calendar`
--
ALTER TABLE `calendar`
  ADD PRIMARY KEY (`id`),
  ADD KEY `collegeid` (`collegeid`);

--
-- Indexes for table `college`
--
ALTER TABLE `college`
  ADD PRIMARY KEY (`id`);

--
-- Indexes for table `department`
--
ALTER TABLE `department`
  ADD PRIMARY KEY (`id`),
  ADD KEY `collegeid` (`collegeid`);

--
-- Indexes for table `faculty`
--
ALTER TABLE `faculty`
  ADD PRIMARY KEY (`id`),
  ADD KEY `departmentid` (`departmentid`),
  ADD KEY `collegeid` (`collegeid`);

--
-- Indexes for table `facultypreferences`
--
ALTER TABLE `facultypreferences`
  ADD PRIMARY KEY (`id`),
  ADD KEY `facultyid` (`facultyid`);

--
-- Indexes for table `facultysubject`
--
ALTER TABLE `facultysubject`
  ADD PRIMARY KEY (`id`),
  ADD KEY `facultyid` (`facultyid`);

--
-- Indexes for table `login`
--
ALTER TABLE `login`
  ADD PRIMARY KEY (`id`);

--
-- Indexes for table `request`
--
ALTER TABLE `request`
  ADD PRIMARY KEY (`id`),
  ADD KEY `departmentid` (`departmentid`),
  ADD KEY `calendarid` (`calendarid`);

--
-- Indexes for table `room`
--
ALTER TABLE `room`
  ADD PRIMARY KEY (`id`),
  ADD KEY `departmentid` (`departmentid`),
  ADD KEY `collegeid` (`collegeid`);

--
-- Indexes for table `root`
--
ALTER TABLE `root`
  ADD PRIMARY KEY (`id`),
  ADD KEY `collegeid` (`collegeid`);

--
-- Indexes for table `subject`
--
ALTER TABLE `subject`
  ADD PRIMARY KEY (`id`),
  ADD KEY `calendarid` (`calendarid`),
  ADD KEY `departmentid` (`departmentid`);

--
-- Indexes for table `subjectschedule`
--
ALTER TABLE `subjectschedule`
  ADD PRIMARY KEY (`id`),
  ADD KEY `calendarid` (`calendarid`),
  ADD KEY `departmentid` (`departmentid`),
  ADD KEY `subjectschedule_ibfk_1` (`subjectid`);

--
-- AUTO_INCREMENT for dumped tables
--

--
-- AUTO_INCREMENT for table `calendar`
--
ALTER TABLE `calendar`
  MODIFY `id` int(11) NOT NULL AUTO_INCREMENT, AUTO_INCREMENT=33;

--
-- AUTO_INCREMENT for table `college`
--
ALTER TABLE `college`
  MODIFY `id` int(11) NOT NULL AUTO_INCREMENT, AUTO_INCREMENT=9;

--
-- AUTO_INCREMENT for table `department`
--
ALTER TABLE `department`
  MODIFY `id` int(11) NOT NULL AUTO_INCREMENT, AUTO_INCREMENT=10;

--
-- AUTO_INCREMENT for table `faculty`
--
ALTER TABLE `faculty`
  MODIFY `id` int(11) NOT NULL AUTO_INCREMENT, AUTO_INCREMENT=75;

--
-- AUTO_INCREMENT for table `facultypreferences`
--
ALTER TABLE `facultypreferences`
  MODIFY `id` int(11) NOT NULL AUTO_INCREMENT, AUTO_INCREMENT=405;

--
-- AUTO_INCREMENT for table `facultysubject`
--
ALTER TABLE `facultysubject`
  MODIFY `id` int(11) NOT NULL AUTO_INCREMENT, AUTO_INCREMENT=800;

--
-- AUTO_INCREMENT for table `login`
--
ALTER TABLE `login`
  MODIFY `id` int(11) NOT NULL AUTO_INCREMENT;

--
-- AUTO_INCREMENT for table `request`
--
ALTER TABLE `request`
  MODIFY `id` int(11) NOT NULL AUTO_INCREMENT, AUTO_INCREMENT=44;

--
-- AUTO_INCREMENT for table `room`
--
ALTER TABLE `room`
  MODIFY `id` int(11) NOT NULL AUTO_INCREMENT, AUTO_INCREMENT=23;

--
-- AUTO_INCREMENT for table `root`
--
ALTER TABLE `root`
  MODIFY `id` int(11) NOT NULL AUTO_INCREMENT;

--
-- AUTO_INCREMENT for table `subject`
--
ALTER TABLE `subject`
  MODIFY `id` int(11) NOT NULL AUTO_INCREMENT, AUTO_INCREMENT=410;

--
-- AUTO_INCREMENT for table `subjectschedule`
--
ALTER TABLE `subjectschedule`
  MODIFY `id` int(11) NOT NULL AUTO_INCREMENT, AUTO_INCREMENT=19568;

--
-- Constraints for dumped tables
--

--
-- Constraints for table `calendar`
--
ALTER TABLE `calendar`
  ADD CONSTRAINT `calendar_ibfk_1` FOREIGN KEY (`collegeid`) REFERENCES `college` (`id`);

--
-- Constraints for table `department`
--
ALTER TABLE `department`
  ADD CONSTRAINT `department_ibfk_1` FOREIGN KEY (`collegeid`) REFERENCES `college` (`id`);

--
-- Constraints for table `faculty`
--
ALTER TABLE `faculty`
  ADD CONSTRAINT `faculty_ibfk_1` FOREIGN KEY (`departmentid`) REFERENCES `department` (`id`),
  ADD CONSTRAINT `faculty_ibfk_2` FOREIGN KEY (`collegeid`) REFERENCES `college` (`id`);

--
-- Constraints for table `facultypreferences`
--
ALTER TABLE `facultypreferences`
  ADD CONSTRAINT `facultypreferences_ibfk_1` FOREIGN KEY (`facultyid`) REFERENCES `faculty` (`id`);

--
-- Constraints for table `facultysubject`
--
ALTER TABLE `facultysubject`
  ADD CONSTRAINT `facultysubject_ibfk_1` FOREIGN KEY (`facultyid`) REFERENCES `faculty` (`id`);

--
-- Constraints for table `request`
--
ALTER TABLE `request`
  ADD CONSTRAINT `request_ibfk_1` FOREIGN KEY (`departmentid`) REFERENCES `department` (`id`),
  ADD CONSTRAINT `request_ibfk_2` FOREIGN KEY (`calendarid`) REFERENCES `calendar` (`id`);

--
-- Constraints for table `room`
--
ALTER TABLE `room`
  ADD CONSTRAINT `room_ibfk_1` FOREIGN KEY (`departmentid`) REFERENCES `department` (`id`) ON DELETE SET NULL,
  ADD CONSTRAINT `room_ibfk_2` FOREIGN KEY (`collegeid`) REFERENCES `college` (`id`);

--
-- Constraints for table `root`
--
ALTER TABLE `root`
  ADD CONSTRAINT `root_ibfk_1` FOREIGN KEY (`collegeid`) REFERENCES `college` (`id`),
  ADD CONSTRAINT `root_ibfk_2` FOREIGN KEY (`collegeid`) REFERENCES `college` (`id`) ON DELETE SET NULL;

--
-- Constraints for table `subject`
--
ALTER TABLE `subject`
  ADD CONSTRAINT `subject_ibfk_1` FOREIGN KEY (`calendarid`) REFERENCES `calendar` (`id`),
  ADD CONSTRAINT `subject_ibfk_2` FOREIGN KEY (`departmentid`) REFERENCES `department` (`id`);

--
-- Constraints for table `subjectschedule`
--
ALTER TABLE `subjectschedule`
  ADD CONSTRAINT `subjectschedule_ibfk_1` FOREIGN KEY (`subjectid`) REFERENCES `subject` (`id`) ON DELETE CASCADE,
  ADD CONSTRAINT `subjectschedule_ibfk_2` FOREIGN KEY (`calendarid`) REFERENCES `calendar` (`id`),
  ADD CONSTRAINT `subjectschedule_ibfk_5` FOREIGN KEY (`departmentid`) REFERENCES `department` (`id`);
COMMIT;

/*!40101 SET CHARACTER_SET_CLIENT=@OLD_CHARACTER_SET_CLIENT */;
/*!40101 SET CHARACTER_SET_RESULTS=@OLD_CHARACTER_SET_RESULTS */;
/*!40101 SET COLLATION_CONNECTION=@OLD_COLLATION_CONNECTION */;
